SET SQL_MODE = "NO_AUTO_VALUE_ON_ZERO";
SET time_zone = "+00:00";
CREATE DATABASE IF NOT EXISTS food DEFAULT CHARACTER SET utf8mb4 COLLATE utf8mb4_general_ci;
USE food;

CREATE TABLE country (
  id bigint(20) NOT NULL,
  ckey varchar(5) NOT NULL,
  name varchar(100) NOT NULL,
  description varchar(2000) NOT NULL,
  population int(11) NOT NULL,
  popEstimate int(11) NOT NULL,
  area int(11) NOT NULL,
  independence varchar(30) NOT NULL,
  indFrom varchar(50) DEFAULT NULL,
  languages varchar(600) NOT NULL,
  demonym varchar(100) NOT NULL,
  currency varchar(100) NOT NULL,
  motto varchar(100) DEFAULT NULL,
  foodURL varchar(200) NOT NULL,
  musicURL varchar(200) NOT NULL,
  realFirstLetter char(3) DEFAULT NULL,
  focusArea char(2) DEFAULT NULL,
  notes text DEFAULT NULL
) ENGINE=InnoDB DEFAULT CHARSET=utf8mb4;

INSERT INTO country (id, ckey, name, description, population, popEstimate, area, independence, indFrom, languages, demonym, currency, motto, foodURL, musicURL, realFirstLetter, focusArea, notes) VALUES
(1, 'GE-AB', 'Abkhazia', 'The Government Republic of Abkhazia is, according to Abkhazia, Russia, Venezuela, and a few other countries, its own country, and according to everyone else, it''s just the westmost part of Georgia. Russian tourists can visit without even needing a passport!', 243206, 2015, 8660, 'Not quite...', 'Georgia', 'Abkhaz, Russian', 'Abkhazian', 'Russian Rubles (₽)', NULL, 'http://abkhazworld.com/aw/abkhazians/culture/654-abkhazian-cuisine', 'http://abkhazworld.com/aw/multimedia/music', NULL, NULL, NULL),
(2, 'AF', 'Afghanistan', 'The Islamic Republic of Afghanistan is a South Asian country. If you''re from the United States like me, you may know it as the country we invaded almost two decades ago and then left to disastrous yet unsurprising results.', 34656032, 2016, 652864, '1919-08-19', 'the United Kingdom', 'Dari, Pashto', 'Afghan', 'Afghan Afghani (؋)', '\"There is no God but Allah; Muhammad is the messenger of Allah.\"', 'https://en.wikipedia.org/wiki/Afghan_cuisine', 'https://en.wikipedia.org/wiki/Music_of_Afghanistan', NULL, NULL, NULL),
(139, 'AL', 'Albania', 'The Republic of Albania is a Mediterranean European country. Wikipedia calls them a ''developing country'' but their citizens don''t have to file bankruptcy for medical debts very often, which is not true for the people of my country, so, like, if they have that and they''re still \"developing\" what does that make us?', 2876591, 2017, 28748, '1912-11-28', 'the Ottoman Empire', 'Albanian', 'Albanian', 'Lek (L)', '\"You Albania, give me honour, give me the name Albanian.\"', 'https://en.wikipedia.org/wiki/Albanian_cuisine', 'https://en.wikipedia.org/wiki/Music_of_Albania', NULL, NULL, NULL),
(140, 'DZ', 'Algeria', 'The People''s Democratic Republic of Algeria is a Northern African country on the Mediterranean coast. It is the largest country in Africa, and it houses many refugees from the neighboring Sahrawi Arab Democratic Republic, which is still considered to be Moroccan territory by Morocco.', 42200000, 2018, 2381741, '1962-07-05', 'France', 'Arabic, Berber', 'Algerian', 'Dinar (DA)', '\"By the people and for the people.\"', 'https://en.wikipedia.org/wiki/Cuisine_of_Algeria', 'https://en.wikipedia.org/wiki/Music_of_Algeria', NULL, NULL, NULL),
(141, 'AD', 'Andorra', 'The Principality of Andorra is a microstate ruled by the French President and also the Spanish Bishop of Urgell. For some reason. One of the few countries to never be invaded by the British.', 77281, 2016, 468, '~1218', 'Aragon', 'Catalan', 'Andorran', 'Euro (€)', '\"United virtue is stronger.\"', 'https://en.wikipedia.org/wiki/Catalan_cuisine', 'https://en.wikipedia.org/wiki/Music_of_Andorra', NULL, NULL, NULL),
(142, 'AO', 'Angola', 'The Republic of Angola is a West African country bordering the Atlantic Ocean. Its economy is one of the fastest growing in the world (the power of oil), but said economic growth is largely benefiting a minority of the country while most people remaining in poverty (the power of oil).', 25789024, 2014, 1246700, '1975-11-11', 'Portugal', 'Portuguese', 'Angolan', 'Angolan Kwanza (Kz)', '\"Virtue is stronger when united.\"', 'https://en.wikipedia.org/wiki/Angolan_cuisine', 'https://en.wikipedia.org/wiki/Music_of_Angola', NULL, NULL, NULL),
(143, 'AG', 'Antigua and Barbuda', 'Antigua and Barbuda consists of two major islands and a bunch of smaller islands. It gained sovereignty from Britain in 1981, but still remains a member of the Commonwealth.', 100963, 2016, 440, '1981-11-01', 'the United Kingdom', 'English', 'Antiguan, Barbudan', 'East Caribbean Dollar ($)', '\"Each Endeavouring, All Achieving.\"', 'https://en.wikipedia.org/wiki/Antigua_and_Barbuda_cuisine', 'https://en.wikipedia.org/wiki/Music_of_Antigua_and_Barbuda', NULL, NULL, NULL),
(144, 'AR', 'Argentina', 'The Argentine Republic is the second largest country in South America and the largest Spanish-speaking nation in the world. It is currently in some land disputes for a couple islands with the United Kingdom (because of course they are) despite the fact that the islands are nowhere near the UK and are right next to Argentina. Old habits die hard, eh, Her Majesty?', 43847430, 2016, 2780400, '1816-07-09', 'Spain', 'Spanish', 'Argentine', 'Argentine Peso ($)', '\"In Unity and Freedom.\"', 'https://en.wikipedia.org/wiki/Argentine_cuisine', 'https://en.wikipedia.org/wiki/Music_of_Argentina', NULL, NULL, NULL),
(145, 'AM', 'Armenia', 'The Republic of Armenia is a country in Western Asia. It was the first country to adopt Christianity as its official religion.', 2924816, 2016, 29743, '1991-09-21', 'the Soviet Union', 'Armenian', 'Armenian', 'Armenian Dram (֏)', '\"One Nation, One Culture.\"', 'https://en.wikipedia.org/wiki/Armenian_cuisine', 'https://en.wikipedia.org/wiki/Music_of_Armenia', NULL, NULL, NULL),
(146, 'AM-AR', 'Artsakh', 'The Republic of Artsakh, according to most countries, is part of Azerbaijan. Three other unrecognized countries, as well as various states in the USA recognize it as its own country. Despite being considered part of Azerbaijan by most of the world, it is predominantly populated by Armenians, and Armenian is the region''s official language. Meetings between Armenia, Azerbaijan, and Russia began in 2021 in an attempt to Figure Things Out™.', 150932, 2015, 11458, 'Not Yet...', 'Azerbaijan', 'Armenian', 'Unknown', 'Armenian Dram (֏)', '', 'https://armeniadiscovery.com/en/articles/what-to-eat-in-artsakh', 'https://en.wikipedia.org/wiki/Music_of_Artsakh', NULL, NULL, NULL),
(147, 'AU', 'Australia', 'The Commonwealth of Australia is best known for the fact that every wild animal on the mainland will kill you. It was doing great until the British showed up and decided it''d be a good place to put all their criminals.', 25097700, 2018, 7692024, '1901-01-01', 'the United Kingdom', 'English', 'Australian', 'Australian Dollar ($)', 'None', 'https://en.wikipedia.org/wiki/Australian_cuisine', 'https://en.wikipedia.org/wiki/Music_of_Australia', NULL, NULL, NULL),
(148, 'AT', 'Austria', 'The Republic of Austria is a landlocked country in Central Europe. One time their archduke got assassinated and it sort of sparked a mild war. It wasn''t that big of a deal, and after it ended, everyone agreed to never have a war like that again. Everybody kept this promise. Especially the Germans.', 8823054, 2018, 83879, '1955-10-26', 'the Allied Forces', 'German', 'Austrian', 'Euro (€)', 'None', 'https://en.wikipedia.org/wiki/Austrian_cuisine', 'https://en.wikipedia.org/wiki/Music_of_Austria', NULL, NULL, NULL),
(149, 'AZ', 'Azerbaijan', 'The Republic of Azerbaijan toes the border between Europe and Asia. They declared their independence in 1918, then got incorporated into the Soviet Union a couple years later. Now they''re back to being their own country until the Soviet Union II: Electric Boogaloo drops.', 9898100, 2018, 86600, '1991-10-18', 'the Soviet Union', 'Azerbaijani', 'Azerbaijani', 'Azerbaijani manat (₼)', '\"The Land of Fire.\"', 'https://en.wikipedia.org/wiki/Azerbaijani_cuisine', 'https://en.wikipedia.org/wiki/Music_of_Azerbaijan', NULL, NULL, NULL),
(150, 'BS', 'The Bahamas', 'The Commonwealth of The Bahamas are an island nation in the Caribbean. They are the reason the Baha Men and, thus, the song ''Who Let the Dogs Out?'' exist.', 391232, 2016, 13878, '1973-07-10', 'the United Kingdom', 'English', 'Bahamian', 'Bahamian Dollar ($)', '\"Forward, Upward, Onward, Together.\"', 'https://en.wikipedia.org/wiki/Bahamian_cuisine', 'https://en.wikipedia.org/wiki/Music_of_the_Bahamas', 'B', NULL, NULL),
(151, 'BH', 'Bahrain', 'The Kingdom of Bahrain is an Asian island country and the first post-oil economy in the Persian Gulf. Its capital is Manama, not to be confused with Mah Nà Mah Nà.', 1425171, 2016, 765, '1971-08-15', 'the United Kingdom', 'Arabic', 'Bahrani', 'Bahraini Dinar (BD)', '', 'https://en.wikipedia.org/wiki/Bahraini_cuisine', 'https://en.wikipedia.org/wiki/Music_of_Bahrain', NULL, NULL, NULL),
(152, 'BD', 'Bangladesh', 'The People''s Republic of Bangladesh is a country in South Asia. It was part of British India when that was a thing, but fortunately the British eventually fucked off so now instead of dealing with \"British occupation\" the Bangladeshi people can instead deal with \"the aftermath of British occupation.\"', 162951560, 2016, 147570, '1971-03-26', 'Pakistan', 'Bengali', 'Bangladeshi', 'Taka (৳)', '\"Victory to Bengal.\"', 'https://en.wikipedia.org/wiki/Bangladeshi_cuisine', 'https://en.wikipedia.org/wiki/Music_of_Bangladesh', NULL, NULL, NULL),
(153, 'BB', 'Barbados', 'Barbados is an island country in the West Indies. They''re still part of the Commonwealth, and are well known for inventing the international pop star and diplomat Her Excellency Dr. Rihanna.', 277821, 2010, 439, '1966-11-30', 'the United Kingdom', 'English, Bajan Creole', 'Barbadian', 'Barbadian Dollar ($)', '\"Pride and Industry\"', 'https://en.wikipedia.org/wiki/Barbadian_cuisine', 'https://en.wikipedia.org/wiki/Music_of_Barbados', NULL, NULL, NULL),
(154, 'BY', 'Belarus', 'The Republic of Belarus is a country in Eastern Europe. They like potatoes as all good boys should. Their president reigned from 1994 to 2020, and his victory in the 2020 election has been disputed. As of November 2021 he remains in power, having silenced much of his opposition.', 9491800, 2018, 207595, '1990-07-27', 'the Soviet Union', 'Belarusian, Russian', 'Belarusian', 'Belarusian ruble (Br)', '', 'https://en.wikipedia.org/wiki/Belarusian_cuisine', 'https://en.wikipedia.org/wiki/Music_of_Belarus', NULL, NULL, NULL),
(155, 'BE', 'Belgium', 'The Kingdom of Belgium is a country in Western Europe. The Global Peace Index considers it one of the most peaceful countries in the world, and it has very high standards of living, which means they''re probably all a bunch of no-good commies.', 11420163, 2018, 30528, '1839-04-19', 'the Netherlands', 'Dutch, French, German', 'Belgian', 'Euro (€)', '\"Unity makes Strength.\"', 'https://en.wikipedia.org/wiki/Belgian_cuisine', 'https://en.wikipedia.org/wiki/Music_of_Belgium', NULL, NULL, NULL),
(156, 'BZ', 'Belize', 'Belize is a country in Central America. It''s nice to have a country with just a one word name, y''know? It ain''t the Kingdom of Belize. It''s not the People''s Democratic Republic of Belize and Friends. It''s not the Adventures of Belize. Just Belize. Barbados and Antigua and Barbuda are like that, too, so maybe it''s a Caribbean thing? Anyway, Belize is a cool place, and the only country to be in the Caribbean Community, Community of Latin American and Caribbean States, Central American Integration System, AND the Commonwealth, because Britain can''t leave anything alone.', 387879, 2017, 22966, '1981-09-21', 'the United Kingdom', 'English', 'Belizean', 'Belize Dollar ($)', '\"Under the shade I flourish.\"', 'https://en.wikipedia.org/wiki/Belizean_cuisine', 'https://en.wikipedia.org/wiki/Music_of_Belize', NULL, NULL, NULL),
(157, 'BJ', 'Benin', 'The Republic of Benin is a country in West Africa. Before the French came in and ruined everything, there was a region in Benin known as the Kingdom of Dahomey, a kingdom with the best flag ever: <a href=''https://en.wikipedia.org/wiki/File:Dahomey_kingdom_flag.png'' target=''_blank'' rel=''external nofollow noopener noreferrer''>an elephant with a crown</a>. The unrelated Kingdom of Benin, which is/was in present day Nigeria, <a href=''https://en.wikipedia.org/wiki/File:Flag_of_the_Benin_Empire.svg'' target=''_blank'' rel=''external nofollow noopener noreferrer''>also has a great flag</a>.', 10872298, 2016, 144763, '1960-08-01', 'France', 'French', 'Beninese', 'West African CFA franc (CFA)', '\"Fraternity, Justice, Labour.\"', 'https://en.wikipedia.org/wiki/Benin_cuisine', 'https://en.wikipedia.org/wiki/Music_of_Benin', NULL, NULL, NULL),
(158, 'BT', 'Bhutan', 'The Kingdom of Bhutan is a country in South Asia ruled by the Dragon King. As of November 2021, the current Dragon King - Jigme Khesar Namgyel Wangchuck - is the second youngest monarch in the world at 41 years old, after Rukidi IV of Toro, who is 29.', 797765, 2016, 38394, '1949-08-08', 'the United Kingdom', 'Dzongkha', 'Bhutanese', 'Ngultrum (BTN)', '', 'https://en.wikipedia.org/wiki/Bhutanese_cuisine', 'https://en.wikipedia.org/wiki/Music_of_Bhutan', NULL, NULL, NULL),
(159, 'BO', 'Bolivia', 'The Plurinational State of Bolivia is a country in South America. Twenty percent of the world''s glaciers are located within the country, so as you can guess, the Bolivians aren''t particularly happy about climate change. Make a Bolivian happy, eat an oil company executive.', 11248864, 2018, 1098581, '1825-08-06', 'Spain', 'Spanish', 'Bolivian', 'Boliviano (BOB)', '\"Unity is Strength.\"', 'https://en.wikipedia.org/wiki/Bolivian_cuisine', 'https://en.wikipedia.org/wiki/Music_of_Bolivia', NULL, NULL, NULL),
(160, 'BA', 'Bosnia and Herzegovina', 'Bosnia and Herzegovina is a country in Southeastern Europe. Some people call it \"the Heart-shaped Land\" because I guess the bar for what tourists find exciting is very low and triangles are kind of like hearts. Just sayin'', it''s no boot. #vivaItalia', 3511372, 2013, 51129, '1992-03-01', 'Yugoslavia', 'Bosnian, Croatian, Serbian', 'Bosnian', 'Convertible Mark (BAM)', '', 'https://en.wikipedia.org/wiki/Bosnia_and_Herzegovina_cuisine', 'https://en.wikipedia.org/wiki/Music_of_Bosnia_and_Herzegovina', NULL, NULL, NULL),
(161, 'BW', 'Botswana', 'The Republic of Botswana is a country in Southern Africa. Most of its land is part of the Kalahari Desert, which probably explains why it''s one of the most sparsely populated countries in the world. Deserts ain''t fun, y''all.', 2250260, 2016, 581730, '1966-09-30', 'the United Kingdom', 'English, Setswana', 'Motswana (sing.), Batswana (pl.)', 'Pula (BWP)', '\"Rain!\"', 'https://en.wikipedia.org/wiki/Botswana_cuisine', 'https://en.wikipedia.org/wiki/Music_of_Botswana', NULL, NULL, NULL),
(162, 'BR', 'Brazil', 'The Federative Republic of Brazil is the largest country in South America. It is divided into five regions, and is home to most of the Amazon rainforest, which accounts for over half of the remaining rainforests on Earth. Unfortunately their president Bolsonaro seems determined to put a stop to that.', 210147125, 2019, 8515767, '1822-09-07', 'Portugual', 'Brazilian Portuguese', 'Brazilian', 'Real (R$)', '\"Order and Progress.\"', 'https://en.wikipedia.org/wiki/Brazilian_cuisine', 'https://en.wikipedia.org/wiki/Music_of_Brazil', NULL, NULL, NULL),
(163, 'BN', 'Brunei', 'The Nation of Brunei, the Abode of Peace, is an island-ish country in Southeast Asia, surrounded almost entirely by the Malaysian state of Sarawak. They recently legalized stoning as a punishment for being gay, so, y''know, now''s a good time to donate to an organization like <a href=''https://www.rainbowrailroad.com/''>Rainbow Railroad</a>.', 417200, 2015, 5765, '1984-01-01', 'the United Kingdom', 'Malay, English', 'Bruneian', 'Brunei dollar (B$)', '\"Always in service with God''s guidance.\"', 'https://en.wikipedia.org/wiki/Bruneian_cuisine', 'https://en.wikipedia.org/wiki/Music_of_Brunei', NULL, NULL, NULL),
(164, 'BG', 'Bulgaria', 'The Republic of Bulgaria is a country in Southeast Europe. As of 2018, it was the most corrupt country in the European Union, which is pretty impressive given the rest of the European Union.', 7050034, 2017, 110994, '1908-10-05', 'the Ottoman Empire', 'Bulgarian', 'Bulgarian', 'Lev (лв)', '\"Unity makes strength.\"', 'https://en.wikipedia.org/wiki/Bulgarian_cuisine', 'https://en.wikipedia.org/wiki/Music_of_Bulgaria', NULL, NULL, NULL),
(165, 'BF', 'Burkina Faso', 'Burkina Faso is a country in West Africa. They were French, then there were a handful of coup d''états, then Thomas Sankara came in and did a lot of revolutionary and Marxist things that made a lot of people happy and a few people with guns mad, so he got assassinated. So then the assassination guy ruled the country for a few decades, then fled the country in 2014 after people got mad at him for trying to remove term limits. In 2021 he was indicted for the murder of Sankara and the trial began in October. Only took 34 years!', 20107509, 2017, 274200, '1960-08-05', 'France', 'French, Mossi, Fula, Dioula', 'Burkinabé', 'West African CFA franc (CFA)', '\"Unity - Progress - Justice\"', 'https://en.wikipedia.org/wiki/Burkinabe_cuisine', 'https://en.wikipedia.org/wiki/Music_of_Burkina_Faso', NULL, NULL, NULL),
(166, 'BI', 'Burundi', 'The Republic of Burundi is a small country between East and Central Africa. Less than a fifth of the population lives in urban areas, and the majority of the citizens belong to one of three tribes: the Hutu, Tutsi, and Twa.', 10524117, 2016, 27834, '1962-07-01', 'Belgium', 'Kirundi, French, English', 'Burundian', 'Burundian franc (BIF)', '\"Union, Work, Progress.\"', 'https://en.wikipedia.org/wiki/Burundian_cuisine', 'https://en.wikipedia.org/wiki/Music_of_Burundi', NULL, NULL, NULL),
(167, 'CV', 'Cabo Verde', 'The Republic of Cabo Verde is an island country west of continental Africa. They have declared that their official English name is \"Cabo Verde\" but that doesn''t stop people from calling it \"Cape Verde\" still because calling things by their names is hard apparently. It consists of ten islands whose geography contributes to powerful hurricanes that travel west to hit the Americas. <s>Maybe they''ll stop once Americans start getting their name right.</s>', 539560, 2016, 4033, '1975-07-05', 'Portugal', 'Portuguese, Cape Verdean Creole', 'Cape Verdean, Cabo Verdean', 'Cape Verdean escudo (CVE)', '\"Unity, Work, Progress.\"', 'https://en.wikipedia.org/wiki/Cape_Verdean_cuisine', 'https://en.wikipedia.org/wiki/Music_of_Cape_Verde', NULL, NULL, NULL),
(168, 'KH', 'Cambodia', 'The Kingdom of Cambodia is a country in Southeast Asia. They had some bad times, as many countries that got colonized did, including four years of extremely bad times (genocide), but now things are slowly getting better! Unfortunately, there are still a lot of landmines scattered throughout the country, making progress difficult. Fortunately, many efforts have been undertaken to address this, including the deployment of Gambian pouched rats, who can smell land mines.', 16245729, 2018, 181035, '1953-11-09', 'France', 'Khmer', 'Cambodian', 'Riel (៛)', '\"Nation, Religion, King.\"', 'https://en.wikipedia.org/wiki/Cambodian_cuisine', 'https://en.wikipedia.org/wiki/Music_of_Cambodia', NULL, NULL, NULL),
(169, 'CM', 'Cameroon', 'The Republic of Cameroon is a country in Central Africa. Its diverse climates range from beaches to deserts to rainforests to mountains. As someone who comes from a region where the two seasons are \"warm\" and \"slightly less warm,\" the thought of this amazes me.', 23439189, 2016, 475442, '1960-01-01', 'France', 'English, French', 'Cameroonian', 'Central African CFA Franc (XAF)', '\"Peace - Work - Fatherland.\"', 'https://en.wikipedia.org/wiki/Cameroonian_cuisine', 'https://en.wikipedia.org/wiki/Music_of_Cameroon', NULL, NULL, NULL),
(170, 'CA', 'Canada', 'Canada is a country in North America. A lot of people think it''s a really good country and everyone is nice, but when your neighbor is basically just a slightly more racist and violent version of you, it''s not hard to see why. Despite being the second largest country in the world, it isn''t even in the top 30 most populated, because a lot of that land is just way too cold.', 37314442, 2019, 9984670, '1867-07-01', 'the United Kingdom', 'English, French', 'Canadian', 'Canadian Dollar ($CAD)', '\"From Sea to Sea.\"', 'https://en.wikipedia.org/wiki/Canadian_cuisine', 'https://en.wikipedia.org/wiki/Music_of_Canada', NULL, NULL, NULL),
(171, 'CF', 'Central African Republic', 'The Central African Republic is a landlocked country in South Asia. Haha, just kidding, it''s in Central Africa. That joke was to lighten the mood, because as of this writing (November 2021), there is an ongoing civil war in the country, and it is one of the poorest nations in the world. The joke was necessary because if you read more about this country elsewhere, you''re not going to find much in the way of good news. Colonialism is bad and does lasting damage to former colonies, everybody.', 4594621, 2016, 622984, '1960-08-13', 'France', 'French, Sango', 'Central African', 'Central African CFA Franc (XAF)', '\"Unity, Dignity, Work.\"', 'https://en.wikipedia.org/wiki/Cuisine_of_the_Central_African_Republic', 'https://en.wikipedia.org/wiki/Music_of_the_Central_African_Republic', NULL, NULL, NULL),
(172, 'TD', 'Chad', 'The Republic of Chad is a country in north-central Africa. They''re going through some bad times, and one of the websites I grabbed a recipe from had this, so <a href=''http://www.tchad.org/aid/solutions.html'' target=''_blank'' rel=''external nofollow noopener noreferrer''>here''s a listing of several Chad-related NGOs you can donate to</a>. In April 2021, their president of 31 years was assassinated, so hopefully things will change for the better with a new government.', 13670084, 2015, 1284000, '1960-08-11', 'France', 'Arabic, French', 'Chadian', 'Central African CFA Franc (XAF)', '\"Unity, Work, Progress\"', 'https://en.wikipedia.org/wiki/Chadian_cuisine', 'https://en.wikipedia.org/wiki/Music_of_Chad', NULL, NULL, NULL),
(173, 'CL', 'Chile', 'The Repubic of Chile is a country on the west coast of South America. For a while they were ruled by the Pinochet dictatorship, which is a bad thing unless you''re one of those dipshits who share helicopter memes on social media in which case please leave this website and learn how to be a decent human. Fortunately, he''s dead now and Chile is one of the most prosperous countries in South America, and has the second lowest homicide rate in the Americas after Canada.', 17574003, 2017, 756096, '1810-09-18', 'Spain', 'Spanish', 'Chilean', 'Peso (CLP)', '\"By Right or Might.\"', 'https://en.wikipedia.org/wiki/Chilean_cuisine', 'https://en.wikipedia.org/wiki/Music_of_Chile', NULL, NULL, NULL),
(174, 'CN', 'China', 'The People''s Republic of China is a country in East Asia. By pretty much every metric, it is what one might call \"very big.\" I think it''s safe to say you probably know a thing or two about China, and it is possible that you are waiting for me to give an opinion about China''s government so you can argue with me. Well, guess what? I agree with you on every issue about China, so take that! Well, except all the ones you''re wrong about. But everything else? I agree 100%.', 1403500365, 2016, 9596961, '1949-10-01', 'Kuomintang', 'Mandarin, Mongolian, Uyghur, Tibetan, Zhuang, Cantonese, many others', 'Chinese', 'Yuan (¥)', '', 'https://en.wikipedia.org/wiki/Chinese_cuisine', 'https://en.wikipedia.org/wiki/Music_of_China', NULL, NULL, NULL),
(175, 'CO', 'Colombia', 'The Republic of Colombia is a country in northwest South America. It is one of the most ethnically, linguistically, and biologically diverse countries in the world, combining native South American, European, and African cultures with rainforests, grasslands, deserts, and islands.', 48258494, 2019, 1141748, '1810-07-20', 'Spain', 'Spanish', 'Colombian', 'Peso (COL$)', '\"Freedom and Order.\"', 'https://en.wikipedia.org/wiki/Colombian_cuisine', 'https://en.wikipedia.org/wiki/Music_of_Colombia', NULL, NULL, NULL),
(176, 'KM', 'Comoros', 'The Union of the Comoros is a country in the Indian Ocean. It consists of several small islands, 3 main islands, and maybe one other main island, but that island is still under French rule so, y''know, there''s that whole thing going on.', 850688, 2018, 1659, '1975-07-06', 'France', 'Comorian, Arabic, French', 'Comorian', 'Comorian franc (KMF)', '\"Unity - Solidarity - Development.\"', 'https://www.worldtravelguide.net/guides/africa/comoros/food-and-drink/', 'https://en.wikipedia.org/wiki/Music_of_the_Comoros', NULL, NULL, NULL),
(177, 'CG', 'Congo-Brazzaville', 'The Republic of the Congo is a country on the coast of Central Africa. It is the tinier of the two Congos. Why are there two Congos, you ask? Well, the one word answer is \"politics.\" The three word answer is \"colonialism and politics.\" Any more words and you''re better off consulting literally any resource that isn''t some white dude''s cooking and music site.', 5125821, 2016, 342000, '1960-08-15', 'France', 'French, Kitumba, Kikongo, Lingala', 'Congolese', 'Central African CFA Franc (XAF)', '\"Unity, Work, Progress.\"', 'https://www.worldtravelguide.net/guides/africa/republic-of-congo/food-and-drink/', 'https://en.wikipedia.org/wiki/Music_of_the_Republic_of_the_Congo', NULL, NULL, NULL),
(178, 'CD', 'Congo-Kinshasa', 'The Democratic Republic of the Congo is a country in Central Africa and the second largest country in all of Africa. Formerly known as Zaire, they became the Congo in 1997 after the First Congo War ended and the new president declared the name change. It''s clear that then-president Laurent Kabila knew that people like me would be doing shit like this in alphabetical order in the future, hence the move from Z up to C.', 91931000, 2019, 2345409, '1960-06-30', 'Belgium', 'French, Lingala, Kikingo, Swahili, Tshiluba', 'Congolese', 'Congolese Franc (CDF)', '\"Justice - Peace - Work.\"', 'https://en.wikipedia.org/wiki/Democratic_Republic_of_the_Congo_cuisine', 'https://en.wikipedia.org/wiki/Music_of_the_Democratic_Republic_of_the_Congo', NULL, NULL, NULL),
(179, 'CK', 'Cook Islands', 'The Cook Islands are an island country in the Pacific Ocean. They are in Free Association with New Zealand, which, summarized (to the best of my abilities) means New Zealand is in charge of some things like defense, and all Cook Islands citizens are New Zealand citizens - but not the other way around! According to Wikipedia they''re sovereign states, which is good enough for me. They''re currently planning on changing the name of the country, since being named after James Cook - the British cartographer who first mapped the islands and then got killed by Hawai''ians after trying to kidnap their king - is not something a lot of Cook Islanders like.', 17459, 2016, 237, '1965-08-04', 'New Zealand', 'English, Cook Islands Māori', 'Cook Islanders', 'Cook Islands Dollar ($CKD)', '', 'https://en.wikipedia.org/wiki/Culture_of_the_Cook_Islands#Cuisine', 'https://en.wikipedia.org/wiki/Music_of_the_Cook_Islands', NULL, NULL, NULL),
(180, 'CR', 'Costa Rica', 'The Republic of Costa Rica is a country in Central America. They are the largest country in the world to not have a military, which they abolished after their last war in 1948, and then allocated their military budget to healthcare and education. Weirdly, Costa Rica has some of the highest literacy rates and life expectancies in Latin America. Hmm... replacing their military budget with funding for education and healthcare, and then their people are very well educated and healthy... WONDER IF THERE''S ANY CORRELATION THERE. I SAID, <strong>I WONDER IF THERE''S ANY CORRELATION THERE. <em>I WONDER IF THERE''S ANY--</em></strong>', 4857274, 2016, 51100, '1821-09-15', 'Spain', 'Spanish, Mekatelyu, Bribri, Patois', 'Costa Rican', 'Costa Rican colón (₡)', '', 'https://en.wikipedia.org/wiki/Costa_Rican_cuisine', 'https://en.wikipedia.org/wiki/Music_of_Costa_Rica', NULL, NULL, NULL),
(181, 'CI', 'Côte d''Ivoire', 'The Côte d''Ivoire is a country in West Africa. Lots of English-speaking people call it \"Ivory Coast\" because speaking French is apparently too hawd for their widdle baby moufs. The official English name is \"Côte d''Ivoire!\" They produce a lot of cocoa and coffee, and used to export a lot of that one thing that comes from elephant tusks. You know, the hard white material. I can''t remember the name right now.', 23740424, 2018, 322463, '1960-08-07', 'France', 'French', 'Ivorian', 'West African CFA franc (CFA)', '\"Unity - Discipline - Work.\"', 'https://en.wikipedia.org/wiki/Ivorian_cuisine', 'https://en.wikipedia.org/wiki/Music_of_Ivory_Coast', NULL, NULL, NULL),
(182, 'HR', 'Croatia', 'The Republic of Croatia is a country in Central-Southeast Europe. They got a lot of shoreline and over a thousand islands but a lot of them are very tiny and unpopulated but that doesn''t mean you can''t jokingly claim one as your own country and then get arrested for it. Yes that is a thing that has happened before and will happen again as soon as I can safely travel here.', 4076246, 2019, 56594, '1991-06-25', 'Yugoslavia', 'Croatian', 'Croatian', 'Kuna (HRK)', '', 'https://en.wikipedia.org/wiki/Croatian_cuisine', 'https://en.wikipedia.org/wiki/Music_of_Croatia', NULL, NULL, NULL),
(183, 'CU', 'Cuba', 'The Republic of Cuba is an island country in North America. They have excellent healthcare and education, but this is bad actually because good things are only good if the USA does them, I guess.', 11209628, 2018, 109884, '1902-05-20', 'the United States of America', 'Spanish', 'Cuban', 'Peso (CUC)', '\"Homeland or Death, we shall overcome!\"', 'https://en.wikipedia.org/wiki/Cuban_cuisine', 'https://en.wikipedia.org/wiki/Music_of_Cuba', NULL, NULL, NULL),
(184, 'CY', 'Cyprus', 'The Republic of Cyprus is an island country in the eastern Mediterranean Sea in Europe. There''s a Greek half and a Turkish half and according to my half-assed internet searches, the consensus among many of them seems to be that reunification seems like it''d be cool. Turkey, however, may disagree. What, you want my opinion? I''ve never even been to Europe, why the hell should my opinion on this matter at all? I think they should unify and change their name to Ultra Cyprus and donate 10% of their GDP to me. How''s that sound to you? Is that what you wanted? IS THAT WHAT YOU WANTED?? The opinions of someone who will literally never be affected by the issue at hand, with no first-hand, or even second-hand knowledge of it??! Let the Cypriots handle it!! I''m a honkey-ass Californian! I''m just eating their food, not solving their decades-long political struggles!!', 1170125, 2016, 9251, '1960-10-01', 'the United Kingdom', 'Greek, Turkish', 'Cypriot', 'Euro (€)', '', 'https://en.wikipedia.org/wiki/Cypriot_cuisine', 'https://en.wikipedia.org/wiki/Music_of_Cyprus', NULL, NULL, NULL),
(185, 'CZ', 'Czechia', 'The Czech Republic is a country in Central Europe. They have the lowest unemployment rate in the European Union and they drink the most beer per capita in the world. Coincidence? Normally I''d say yes, since you should all know by now that correlation does not imply causation, but I''ve been sort of doing a running gag in these country descriptions where I say, like, \"oh this country does these obviously good things and also has all of these good attributes I wonder if they''re related\" so, in keeping with that theme, I will instead say: not coincidence! The takeaway you should get from this is that beer causes employment.', 10649800, 2019, 78866, '1993-01-01', 'Czechoslovakia', 'Czech', 'Czech', 'Koruna (Kč)', '\"Truth prevails.\"', 'https://en.wikipedia.org/wiki/Czech_cuisine', 'https://en.wikipedia.org/wiki/Music_of_the_Czech_Republic', NULL, NULL, NULL),
(186, 'DK', 'Denmark', 'The Kingdom of Denmark is a Nordic country in Northern Europe. They have been to war with Sweden very many times \"for little or no political reason,\" to quote <a href=''https://en.wikipedia.org/wiki/Denmark%E2%80%93Sweden_relations'' target=''_blank'' rel=''external nofollow noopener noreferrer''>Wikipedia</a>. The kingdom spans the country of Denmark itself, as well as the Faroe Islands and Greenland. Two more completely unrelated fun facts about Denmark: they are one of the most heavily taxed countries in the world and one of the happiest countries in the world.', 5814461, 2019, 43933, 'Unified since the 8th Century', NULL, 'Danish, Faroese, Greenlandic, German', 'Danish', 'Krone (kr.)', '\"God, King and Fatherland.\"', 'https://en.wikipedia.org/wiki/Danish_cuisine', 'https://en.wikipedia.org/wiki/Music_of_Denmark', NULL, NULL, NULL),
(187, 'DJ', 'Djibouti', 'The Republic of Djibouti is a country in Northeast Africa, in the Horn of Africa. If you wanna get to the Red Sea, you gotta go by Djibouti, so it''s a hoppin'' place to be for shipping ships. And also military bases because what good is a gulf if you can''t kill people around it?', 884017, 2018, 23200, '1977-06-27', 'France', 'French, Arabic, Somali, Afar', 'Djiboutian', 'Djiboutian Franc (DJF)', '\"Unity, Equality, Peace.\"', 'https://en.wikipedia.org/wiki/Djiboutian_cuisine', 'https://en.wikipedia.org/wiki/Music_of_Djibouti', NULL, NULL, NULL),
(188, 'DM', 'Dominica', 'The Commonwealth of Dominica is an island country in the West Indies. It''s one of two countries to use the color purple on its flag, as their national bird - the lovely and purple sisserou parrot - is in the center of it.', 71625, 2018, 750, '1978-11-03', 'the United Kingdom', 'English', 'Dominican', 'East Caribbean Dollar (XCD)', '\"After God is the earth.\"', 'https://en.wikipedia.org/wiki/Dominica_cuisine', 'https://en.wikipedia.org/wiki/Music_of_Dominica', NULL, NULL, NULL),
(189, 'DO', 'Dominican Republic', 'The Dominican Republic is country in the Caribbean. Christopher Columbus - the bastard man who didn''t discover shit - did a lot of genocide here. Now they''re a big hotspot in the Caribbean, sharing their island with Haiti - a country they don''t hate now but wowie do not look up Rafael Trujillo if the thought of Dominicans and Haitians being friends is very important to you.', 10735896, 2018, 48671, '1844-02-27', 'Haiti', 'Spanish', 'Dominican', 'Peso (RD$)', '\"God, Homeland, Freedom.\"', 'https://en.wikipedia.org/wiki/Dominican_Republic_cuisine', 'https://en.wikipedia.org/wiki/Music_of_the_Dominican_Republic', NULL, NULL, NULL),
(190, 'EC', 'Ecuador', 'The Republic of Ecuador is a country in northwest South America. It is the first country to give constitutional rights to nature, which, given how badly some countries are destroying the environment, is probably a pretty good idea.', 17084358, 2018, 283561, '1822-05-24', 'Spain', 'Spanish, Kichua, Shuar', 'Ecuadorian', 'US Dollar ($)', '\"God, Homeland, and Freedom.\"', 'https://en.wikipedia.org/wiki/Ecuadorian_cuisine', 'https://en.wikipedia.org/wiki/Music_of_Ecuador', NULL, NULL, NULL),
(191, 'EG', 'Egypt', 'The Arab Republic of Egypt is a country in Northeast Africa. It''s obviously well-known for, like, all of the pyramids and heiroglyphs and mythology, and just generally being one of the oldest - if not <em>the</em> oldest - civilizations. If you want to know more, I recommend doing some actual research, or, if you''re too lazy for that, check out <a target=''_blank'' href=''https://hauntedbees.itch.io/beegypt'' rel=''external nofollow noopener noreferrer''>the educational beekeeping video game, Beegypt, that I made in August 2019</a>. It''s free, probably at least <em>mostly</em> historically accurate, and has bees!', 99581200, 2019, 1010408, '1922-02-28', 'the United Kingdom', 'Egyptian Arabic', 'Egyptian', 'Egyptian Pound (E£)', 'None', 'https://en.wikipedia.org/wiki/Egyptian_cuisine', 'https://en.wikipedia.org/wiki/Music_of_Egypt', NULL, NULL, NULL),
(192, 'SV', 'El Salvador', 'The Republic of El Salvador is the smallest country in Central America. Even after their long and bloody civil war ended, they still have the highest murder rate in the world, with most murders related to gang activity. The country also has a lot of volcanos. Unsurprisingly, a lot of the violence - especially during the civil war - can be blamed on the USA. We can, however, safely assume the volcanos are unrelated to US involvement for the time being.', 6420746, 2018, 21041, '1821-09-15', 'Spain', 'Spanish', 'Salvadoran', 'US Dollar ($)', '\"God, Unity, Freedom\"', 'https://en.wikipedia.org/wiki/Salvadoran_cuisine', 'https://en.wikipedia.org/wiki/Music_of_El_Salvador', NULL, NULL, NULL),
(193, 'GQ', 'Equatorial Guinea', 'The Republic of Equatiorial Guinea is a country in western Central Africa. It is the sole Spanish-speaking country in Africa, and as of November 2021, has had the same president since 1979. ¡Dios mio!', 1308975, 2018, 28050, '1968-10-12', 'Spain', 'Spanish, French, Portuguese, Fang, Bube, Combe, Pidgin English, Annobonese, Igbo', 'Equatoguinean', 'Central African CFA Franc (XAF)', '\"Unity, Peace, Justice.\"', 'https://en.wikipedia.org/wiki/Cuisine_of_Equatorial_Guinea', 'https://en.wikipedia.org/wiki/Music_of_Equatorial_Guinea', NULL, NULL, NULL),
(194, 'ER', 'Eritrea', 'The State of Eritrea is a country in East Africa. It was one of the few African countries colonized by Italy, and was part of Ethiopia for a while because the Allies (from World War II) were like \"hey yeah we don''t know what to do with Eritrea now that the Italians are gone so let''s make it part of Ethiopia!\" The Eritreans didn''t like that. After a 40-year war that led to hundreds of thousands of deaths (mostly Eritrean civilians), they finally regained their independence in 1991.', 5750433, 2018, 117600, '1991-05-24', 'Ethiopia', 'English, Arabic, Tigrinya, Beja, Tigre, Kunama, Saho, Bilen, Nara, Afar', 'Eritrean', 'Nafka (Nkf)', '\"State of Eritrea\"', 'https://en.wikipedia.org/wiki/Eritrean_cuisine', 'https://en.wikipedia.org/wiki/Music_of_Eritrea', NULL, NULL, NULL),
(195, 'EE', 'Estonia', 'The Republic of Estonia is a country in Northern Europe. They''re half-Baltic, half-Nordic, all-Estonian. I pitched that to them as a possible country motto since they don''t have one and their president politely asked me to leave her house and also asked how I got into her house, but I don''t speak Estonian so I just thanked her for her time and left. Also literally half of the country is forest, which is pretty cool.', 1328360, 2020, 45227, '1918-02-24', 'the Russian Empire', 'Estonian', 'Estonian', 'Euro (€)', '', 'https://en.wikipedia.org/wiki/Estonian_cuisine', 'https://en.wikipedia.org/wiki/Music_of_Estonia', NULL, NULL, NULL),
(196, 'SZ', 'Eswatini', 'The Kingdom of Eswatini is a country in south Africa, and also in South Africa. Because it''s almost entirely surrounded by South Africa. That''s the joke. Formerly known as Swaziland, now its name in the Swazi langauge - eSwatini - starts with a lowercase letter! Wild! Non-name related facts about this country include \"over a third of its population is 14 years old or younger\" and \"it is a diarchy ruled by both the king and his mom.\"', 1136281, 2018, 17364, '1968-09-06', 'the United Kingdom', 'Swazi, English', 'Swazi', 'Lilangeni (SZL)', '\"We are a fortress.\"', 'https://en.wikipedia.org/wiki/Cuisine_of_Eswatini', 'https://en.wikipedia.org/wiki/Music_of_Eswatini', NULL, NULL, NULL),
(197, 'ET', 'Ethiopia', 'The Federal Democratic Republic of Ethiopia is a country in east Africa, and one of the only two African countries to never be colonized by Europeans. Italy occupied it for a bit during World War II, but the distinction between \"occupation\" and \"colonization\" is probably more complicated than I can convey here, so just look it up with a Search Engine™ like I did.', 109224414, 2018, 1104300, 'Unified since the 12th Century', NULL, 'Amharic', 'Ethiopian', 'Lilangeni (SZL)', 'None', 'https://en.wikipedia.org/wiki/Ethiopian_cuisine', 'https://en.wikipedia.org/wiki/Music_of_Ethiopia', NULL, NULL, NULL),
(198, 'FJ', 'Fiji', 'The Republic of Fiji is an island country in the Pacific Ocean. They''ve got a lot of Indians there alongside the native Fijians, thanks to Britain being Britain back in the day. Two big islands hold most of the country''s population, but the country has over 300 islands in all.', 926276, 2018, 18274, '1970-10-10', 'the United Kingdom', 'iTaukei, English, Fiji Hindi, Rotuman', 'Fijian', 'Fijian dollar (FJD)', '\"Fear God and honour the Queen.\"', 'https://en.wikipedia.org/wiki/Fijian_cuisine', 'https://en.wikipedia.org/wiki/Music_of_Fiji', NULL, NULL, NULL),
(199, 'FI', 'Finland', 'The Republic of Finland is a country in Northern Europe. Former prime ministers from both France and Italy have called Finnish cuisine some of the worst in the world. A Finnish pizza place, in response to this, won an international pizza contest with their very Finnish smoked reindeer pizza, showing very clearly that spite is a powerful motivator, and if you get the opportunity to symbolically tell a world leader to go fuck themselves, you should take it.', 5521158, 2019, 338424, '1917-12-06', 'Russia', 'Finnish, Swedish, Sámi', 'Finnish', 'Euro (€)', '', 'https://en.wikipedia.org/wiki/Finnish_cuisine', 'https://en.wikipedia.org/wiki/Music_of_Finland', NULL, NULL, NULL),
(200, 'FR', 'France', 'The French Republic is a country in Western Europe. Here in the United States, people like to stereotype the French as weak and cowardly because they''re \"cheese-eating surrender monkeys,\" but the French people are REALLY GOOD at protesting, striking, and rioting when they think they''re being screwed over. While their food is delicious, if the USA was going to copy France on anything, I''d rather pick their worker solidarity.', 67834000, 2019, 640679, 'Unified since the 13th Century', NULL, 'French', 'French', 'Euro (€)', '\"Liberty, equality, fraternity.\"', 'https://en.wikipedia.org/wiki/French_cuisine', 'https://en.wikipedia.org/wiki/Music_of_France', NULL, NULL, NULL),
(201, 'GA', 'Gabon', 'The Gabonese Republic is a country in west Central Africa. They''ve got a lot of gorillas, and they have hippos and elephants that chill on the beach. As with many countries, they found some oil and now that makes up 80% of their exports.', 2119275, 2018, 267667, '1960-08-17', 'France', 'French', 'Gabonese', 'Central African CFA Franc (XAF)', '\"Union, Work, Justice.\"', 'https://en.wikipedia.org/wiki/Gabonese_cuisine', 'https://en.wikipedia.org/wiki/Music_of_Gabon', NULL, NULL, NULL),
(202, 'GM', 'The Gambia', 'The Republic of The Gambia is a country in Western Africa, and the tiniest country on the African mainland. It mostly just wraps around the Gambia River due to, y''know, colonialism.', 2051363, 2017, 10689, '1965-02-18', 'the United Kingdom', 'English, Mandinka, Fula, Wolof, Serer, Jola', 'Gambian', 'Dalasi (GMD)', '\"Progress, Peace, Prosperity.\"', 'https://en.wikipedia.org/wiki/Gambian_cuisine', 'https://en.wikipedia.org/wiki/Music_of_the_Gambia', 'Gam', NULL, NULL),
(203, 'GE', 'Georgia', 'Georgia is a country in the Caucasus region right in between Europe and Asia. Are they European? Are they Asian? Are \"Europe\" and \"Asia\" just arbitrary lines around a single landmass? Yes to All. Also they like cheeses and churches.', 3723464, 2019, 69700, '1991-12-25', 'the Soviet Union', 'Georgian, Abkhazian', 'Georgian', 'Lari (₾)', '\"Strength is in Unity.\"', 'https://en.wikipedia.org/wiki/Georgian_cuisine', 'https://en.wikipedia.org/wiki/Music_of_Georgia_(country)', NULL, NULL, NULL),
(204, 'DE', 'Germany', 'The Federal Republic of Germany is a country near the middle of Europe. It''s the largest economy in Europe and one of the largest in the world. After the whole, you know, <em>thing</em>, they rapidly rebuilt to become a very powerful (in a less genocidal way) country with an excellent standard of living for its citizens. They also really like bread, which I understand completely, and beer, which I do not.', 83166711, 2019, 357022, 'Unified since 1871', NULL, 'German', 'German', 'Euro (€)', '', 'https://en.wikipedia.org/wiki/German_cuisine', 'https://en.wikipedia.org/wiki/Music_of_Germany', NULL, NULL, NULL),
(205, 'GH', 'Ghana', 'The Republic of Ghana is a country in West Africa. It is home to the Agbogbloshie - the world''s largest digital waste site, making it a very fun place to go on a date if you like trying to hack old hard drives for personal/confidential information on dates. It is also home to one of Africa''s 7 space agencies, in case you''d rather hack satellites on your dates.', 31072940, 2020, 239567, '1957-03-1957', 'the United Kingdom', 'English, many recognized native languages', 'Ghanaian', 'Ghanaian Cedi (₵)', '\"Freedom and Justice.\"', 'https://en.wikipedia.org/wiki/Ghanaian_cuisine', 'https://en.wikipedia.org/wiki/Music_of_Ghana', NULL, NULL, NULL),
(206, 'GD', 'Grenada', 'Grenada is an island nation in the West Indies.', 111454, 2018, 348, '1974-02-07', 'the United Kingdom', 'English, Grenadian Creole English, Grenadian Creole French', 'Grenadian', 'East Caribbean Dollar ($)', '\"Ever Conscious of God We Aspire, Build and Advance as One People.\"', 'https://en.wikipedia.org/wiki/Culture_of_Grenada#Cuisine', 'https://en.wikipedia.org/wiki/Music_of_Grenada', NULL, NULL, 'https://en.wikipedia.org/wiki/Oil_down');

CREATE TABLE country_neighbor (
  country bigint(20) NOT NULL,
  neighbor bigint(20) DEFAULT NULL,
  shell bigint(20) DEFAULT NULL
) ENGINE=InnoDB DEFAULT CHARSET=utf8mb4;

INSERT INTO country_neighbor (country, neighbor, shell) VALUES
(139, NULL, 1),
(139, NULL, 14),
(139, NULL, 29),
(139, NULL, 40),
(140, NULL, 19),
(140, NULL, 24),
(140, NULL, 25),
(140, NULL, 30),
(140, NULL, 37),
(140, NULL, 79),
(140, NULL, 69),
(141, 200, NULL),
(141, NULL, 55),
(142, 177, NULL),
(142, 178, NULL),
(142, NULL, 33),
(142, NULL, 80),
(143, NULL, 82),
(144, 159, NULL),
(144, 162, NULL),
(144, 173, NULL),
(144, NULL, 45),
(144, NULL, 75),
(145, 146, NULL),
(145, 149, NULL),
(145, 203, NULL),
(145, NULL, 10),
(145, NULL, 70),
(146, 145, NULL),
(146, 149, NULL),
(146, NULL, 10),
(147, NULL, 82),
(148, 185, NULL),
(148, 204, NULL),
(148, NULL, 7),
(148, NULL, 11),
(148, NULL, 20),
(148, NULL, 53),
(148, NULL, 54),
(148, NULL, 63),
(149, 145, NULL),
(149, 146, NULL),
(149, 203, NULL),
(149, NULL, 10),
(149, NULL, 49),
(149, NULL, 70),
(150, NULL, 82),
(151, NULL, 82),
(153, NULL, 82),
(155, 200, NULL),
(155, 204, NULL),
(155, NULL, 22),
(155, NULL, 35),
(156, NULL, 2),
(156, NULL, 26),
(157, 165, NULL),
(157, NULL, 37),
(157, NULL, 38),
(157, NULL, 68),
(159, 144, NULL),
(159, 162, NULL),
(159, 173, NULL),
(159, NULL, 45),
(159, NULL, 46),
(158, 174, NULL),
(158, NULL, 8),
(158, NULL, 67),
(154, NULL, 17),
(154, NULL, 21),
(154, NULL, 47),
(154, NULL, 49),
(154, NULL, 73),
(160, 182, NULL),
(160, NULL, 29),
(160, NULL, 52),
(161, NULL, 33),
(161, NULL, 58),
(161, NULL, 80),
(161, NULL, 81),
(162, 144, NULL),
(162, 159, NULL),
(162, 175, NULL),
(162, 200, NULL),
(162, NULL, 4),
(162, NULL, 45),
(162, NULL, 46),
(162, NULL, 61),
(162, NULL, 75),
(162, NULL, 77),
(163, NULL, 23),
(164, NULL, 1),
(164, NULL, 40),
(164, NULL, 48),
(164, NULL, 52),
(164, NULL, 70),
(165, 157, NULL),
(165, 181, NULL),
(165, 205, NULL),
(165, NULL, 24),
(165, NULL, 37),
(165, NULL, 68),
(166, 178, NULL),
(166, NULL, 50),
(166, NULL, 65),
(167, NULL, 82),
(169, 171, NULL),
(169, 172, NULL),
(169, 177, NULL),
(169, 193, NULL),
(169, 201, NULL),
(169, NULL, 38),
(170, NULL, 74),
(171, 169, NULL),
(171, 172, NULL),
(171, 177, NULL),
(171, 178, NULL),
(171, NULL, 59),
(171, NULL, 60),
(172, 169, NULL),
(172, 171, NULL),
(172, NULL, 19),
(172, NULL, 37),
(172, NULL, 38),
(172, NULL, 60),
(173, 144, NULL),
(173, 159, NULL),
(173, NULL, 46),
(174, 2, NULL),
(174, 158, NULL),
(174, NULL, 8),
(174, NULL, 12),
(174, NULL, 15),
(174, NULL, 16),
(174, NULL, 28),
(174, NULL, 32),
(174, NULL, 34),
(174, NULL, 39),
(174, NULL, 43),
(174, NULL, 49),
(174, NULL, 64),
(174, NULL, 78),
(168, NULL, 16),
(168, NULL, 66),
(168, NULL, 78),
(175, 162, NULL),
(175, 190, NULL),
(175, NULL, 44),
(175, NULL, 46),
(175, NULL, 77),
(176, NULL, 82),
(177, 142, NULL),
(177, 169, NULL),
(177, 171, NULL),
(177, 178, NULL),
(177, 201, NULL),
(178, 142, NULL),
(178, 166, NULL),
(178, 171, NULL),
(178, 177, NULL),
(178, NULL, 50),
(178, NULL, 59),
(178, NULL, 65),
(178, NULL, 72),
(178, NULL, 80),
(179, NULL, 82),
(180, NULL, 36),
(180, NULL, 44),
(181, 165, NULL),
(181, 205, NULL),
(181, NULL, 3),
(181, NULL, 18),
(181, NULL, 24),
(183, NULL, 82),
(182, 160, NULL),
(182, NULL, 7),
(182, NULL, 29),
(182, NULL, 52),
(182, NULL, 54),
(184, NULL, 82),
(185, 148, NULL),
(185, 204, NULL),
(185, NULL, 47),
(185, NULL, 53),
(186, 204, NULL),
(187, 194, NULL),
(187, 197, NULL),
(187, NULL, 56),
(187, NULL, 57),
(188, NULL, 82),
(189, NULL, 5),
(192, NULL, 2),
(192, NULL, 6),
(193, 169, NULL),
(193, 201, NULL),
(194, 187, NULL),
(194, 197, NULL),
(194, NULL, 60),
(195, NULL, 17),
(195, NULL, 49),
(196, NULL, 31),
(196, NULL, 58),
(197, 187, NULL),
(197, 194, NULL),
(197, NULL, 13),
(197, NULL, 56),
(197, NULL, 57),
(197, NULL, 59),
(197, NULL, 60),
(198, NULL, 82),
(199, NULL, 41),
(199, NULL, 49),
(199, NULL, 62),
(200, 141, NULL),
(200, 155, NULL),
(200, 204, NULL),
(200, NULL, 11),
(200, NULL, 22),
(200, NULL, 27),
(200, NULL, 55),
(200, NULL, 63),
(200, 162, NULL),
(200, NULL, 61),
(200, NULL, 35),
(201, 169, NULL),
(201, 177, NULL),
(201, 193, NULL),
(202, NULL, 51),
(204, 148, NULL),
(204, 155, NULL),
(204, 185, NULL),
(204, 186, NULL),
(204, 200, NULL),
(204, NULL, 22),
(204, NULL, 35),
(204, NULL, 47),
(204, NULL, 63),
(205, 165, NULL),
(205, 181, NULL),
(205, NULL, 68),
(206, NULL, 82),
(203, 1, NULL),
(203, 145, NULL),
(203, 149, NULL),
(203, NULL, 49),
(203, NULL, 70),
(191, NULL, 9),
(191, NULL, 19),
(191, NULL, 42),
(191, NULL, 60),
(190, 175, NULL),
(190, NULL, 46),
(2, 174, NULL),
(2, NULL, 10),
(2, NULL, 43),
(2, NULL, 64),
(2, NULL, 71),
(2, NULL, 76),
(152, NULL, 8),
(152, NULL, 32),
(1, 203, NULL),
(1, NULL, 49);

CREATE TABLE diet (
  id bigint(20) NOT NULL,
  name varchar(50) NOT NULL,
  emoji varchar(6) NOT NULL
) ENGINE=InnoDB DEFAULT CHARSET=utf8mb4;

INSERT INTO diet (id, name, emoji) VALUES
(1, 'Alcohol', '1F377'),
(2, 'Dairy', '1F95B'),
(3, 'Egg', '1F95A'),
(4, 'Honey', '1F36F'),
(5, 'Meat', '1F356'),
(6, 'Nuts', '1F330'),
(7, 'Peanuts', '1F95C'),
(8, 'Spicy', '1F336'),
(9, 'Soy', '1F331'),
(10, 'Vegan', '1F33F'),
(11, 'Fish', '1F41F'),
(12, 'Gluten', '1F35E'),
(13, 'Warning', '26A0');

CREATE TABLE dish (
  id bigint(20) NOT NULL,
  name varchar(50) NOT NULL,
  emoji varchar(6) NOT NULL,
  spiceOnly bit(1) DEFAULT b'0'
) ENGINE=InnoDB DEFAULT CHARSET=utf8mb4;

INSERT INTO dish (id, name, emoji, spiceOnly) VALUES
(1, 'Beverage', '1F379', b'0'),
(2, 'Bread', '1F35E', b'0'),
(3, 'Casserole', '1F372', b'0'),
(4, 'Curry', '1F35B', b'0'),
(5, 'Dessert', '1F368', b'0'),
(6, 'Dumpling', '1F95F', b'0'),
(7, 'Meat', '1F356', b'0'),
(8, 'Noodle', '1F35D', b'0'),
(9, 'Pastry', '1F950', b'0'),
(10, 'Rice', '1F35A', b'0'),
(11, 'Salad', '1F957', b'0'),
(12, 'Sauce', '1F963', b'0'),
(13, 'Soup', '1F35C', b'0'),
(14, 'Wrap', '1F959', b'0'),
(15, 'Vegetable', '1F955', b'0'),
(16, 'Other', '1F962', b'0'),
(17, 'Bread Dip', '', b'1'),
(18, 'Dry Rub', '', b'1'),
(19, 'Fruit Sauce', '', b'1'),
(20, 'Marinade', '', b'1'),
(21, 'Pasta', '', b'1'),
(22, 'Risotto', '', b'1'),
(23, 'Salad Dressing', '', b'1'),
(24, 'Stir-Fry', '', b'1'),
(25, 'Stuffing', '', b'1'),
(26, 'Tomato Sauce', '', b'1'),
(27, 'Tea', '', b'1');

CREATE TABLE flavor (
  id bigint(20) NOT NULL,
  name varchar(20) NOT NULL
) ENGINE=InnoDB DEFAULT CHARSET=utf8mb4;

INSERT INTO flavor (id, name) VALUES
(1, 'Bitter'),
(10, 'Citrusy'),
(11, 'Cold'),
(2, 'Earthy'),
(3, 'Peppery'),
(5, 'Savory'),
(4, 'Smokey'),
(9, 'Sour'),
(6, 'Spicy'),
(7, 'Sweet'),
(8, 'Warm');

CREATE TABLE ingredient (
  id bigint(20) NOT NULL,
  name varchar(150) NOT NULL
) ENGINE=InnoDB DEFAULT CHARSET=utf8mb4;

INSERT INTO ingredient (id, name) VALUES
(140, 'aamchur'),
(288, 'achiote'),
(241, 'agar agar'),
(327, 'aleppo pepper'),
(74, 'allspice'),
(39, 'almond'),
(228, 'almond extract'),
(314, 'almond flour'),
(111, 'almond meal'),
(209, 'anise'),
(159, 'annato'),
(313, 'apple'),
(165, 'apple cider vinegar'),
(287, 'arrowroot'),
(395, 'artichoke'),
(235, 'aubergine'),
(353, 'avocado'),
(163, 'avocado leaves'),
(68, 'bacon'),
(367, 'baguette'),
(129, 'baharat'),
(118, 'baking powder'),
(3, 'baking soda'),
(104, 'balsamic vinegar'),
(259, 'bamboo shoots'),
(386, 'barley malt syrup'),
(31, 'basil'),
(126, 'basmati rice'),
(51, 'bay leaf'),
(244, 'bean curd skin'),
(407, 'beans'),
(14, 'beef'),
(201, 'beef broth'),
(97, 'beef stock'),
(387, 'beer'),
(396, 'beet'),
(88, 'beetroot'),
(8, 'bell pepper'),
(173, 'berbere'),
(277, 'black pepper'),
(12, 'blue fenugreek'),
(393, 'borden leaf'),
(200, 'bouillon'),
(121, 'brandy'),
(38, 'bread'),
(347, 'bread crumbs'),
(385, 'bread flour'),
(397, 'broccoli'),
(178, 'broth'),
(146, 'brown sugar'),
(323, 'bulghur'),
(73, 'bulgur'),
(95, 'buns'),
(5, 'butter'),
(52, 'buttermilk'),
(72, 'butternut squash'),
(26, 'cabbage'),
(191, 'cachaça'),
(320, 'callaloo'),
(107, 'capers'),
(100, 'caraway'),
(112, 'cardamom'),
(138, 'carrot'),
(181, 'cassava'),
(210, 'cassava flour'),
(273, 'cassava starch'),
(153, 'cassonade'),
(281, 'catfish'),
(398, 'cauliflower'),
(233, 'cayenne pepper'),
(280, 'cayenne powder'),
(169, 'celery'),
(89, 'cheddar cheese'),
(176, 'cheese'),
(230, 'cheese curds'),
(44, 'chicken'),
(295, 'chicken bouillon'),
(103, 'chicken broth'),
(225, 'chicken broth powder'),
(164, 'chicken legs'),
(249, 'chicken stock'),
(217, 'chili'),
(28, 'chili flakes'),
(268, 'chili oil'),
(139, 'chili powder'),
(115, 'chilli pepper'),
(379, 'chinese eggplant'),
(350, 'chocolate'),
(24, 'cilantro'),
(41, 'cinnamon'),
(399, 'citrus'),
(338, 'clarified butter'),
(330, 'clotted cream'),
(43, 'cloves'),
(196, 'cocoa powder'),
(42, 'coconut'),
(242, 'coconut cream'),
(213, 'coconut flakes'),
(218, 'coconut milk'),
(284, 'coconut oil'),
(358, 'condensed milk'),
(13, 'coriander'),
(435, 'coriander seeds'),
(66, 'corn'),
(185, 'corn flour'),
(96, 'corn starch'),
(229, 'corn syrup'),
(186, 'cornmeal'),
(105, 'cottage cheese'),
(202, 'couscous'),
(375, 'cowpea flour'),
(135, 'cream'),
(206, 'cream cheese'),
(311, 'croutons'),
(370, 'cucumber'),
(36, 'cumin'),
(81, 'currants'),
(360, 'curry leaves'),
(392, 'curry paste'),
(187, 'curry powder'),
(270, 'dark chocolate'),
(152, 'dark rye flour'),
(261, 'dark soy sauce'),
(204, 'degue'),
(106, 'dijon mustard'),
(389, 'dill'),
(250, 'dried chilli'),
(128, 'dried lime'),
(237, 'dried peach'),
(408, 'duck'),
(77, 'dzedzadz'),
(25, 'egg'),
(79, 'egg yolk'),
(234, 'eggplant'),
(116, 'evaporated milk'),
(325, 'farmer''s cheese'),
(78, 'farro'),
(162, 'fennel'),
(357, 'fenugreek'),
(27, 'feta cheese'),
(190, 'fish'),
(220, 'fish sauce'),
(248, 'five spice powder'),
(22, 'flatbread'),
(346, 'flax seeds'),
(1, 'flour'),
(180, 'food coloring'),
(23, 'french fry'),
(141, 'garam masala'),
(10, 'garlic'),
(294, 'garlic puree'),
(177, 'gelatin'),
(133, 'ghee'),
(130, 'ginger'),
(137, 'ginger garlic paste'),
(293, 'ginger paste'),
(371, 'goat'),
(34, 'goat cheese'),
(290, 'graham cracker'),
(83, 'grape leaves'),
(123, 'grapefruit'),
(312, 'grated cheese'),
(30, 'greek yoghurt'),
(29, 'greek yogurt'),
(400, 'green beans'),
(37, 'green onion'),
(86, 'ground beef'),
(326, 'ground lamb'),
(368, 'gruyere cheese'),
(117, 'guava'),
(296, 'habanero pepper'),
(304, 'halloumi cheese'),
(258, 'ham'),
(331, 'hazelnuts'),
(292, 'heavy cream'),
(197, 'heavy whipping cream'),
(236, 'hibiscus'),
(286, 'honey'),
(356, 'honey wine'),
(324, 'ice'),
(291, 'ice cream'),
(302, 'icing sugar'),
(378, 'imereli'),
(377, 'imereti'),
(62, 'italian parsley'),
(170, 'jalapeño'),
(143, 'jerk seasoning'),
(374, 'jumbo cubes'),
(224, 'kampot pepper'),
(362, 'kava'),
(93, 'ketchup'),
(122, 'key lime'),
(15, 'lamb'),
(309, 'lard'),
(67, 'leek'),
(45, 'lemon'),
(131, 'lemon juice'),
(349, 'lemon peel'),
(215, 'lemongrass'),
(16, 'lentil'),
(409, 'lentils'),
(87, 'lettuce'),
(71, 'lima beans'),
(189, 'lime'),
(226, 'lime juice'),
(221, 'lime zest'),
(372, 'liquid smoke'),
(80, 'long grain rice'),
(388, 'lye'),
(113, 'macaroni'),
(279, 'maggi'),
(136, 'maida flour'),
(188, 'mango chutney'),
(211, 'manioc flour'),
(289, 'margarine'),
(11, 'marigold'),
(101, 'marjoram'),
(205, 'marscapone cheese'),
(335, 'masa harina'),
(307, 'mastic resin'),
(92, 'mayonnaise'),
(373, 'meat tenderizer'),
(401, 'melon'),
(2, 'milk'),
(134, 'milk powder'),
(203, 'millet'),
(337, 'millet flour'),
(150, 'mineral water'),
(19, 'mint'),
(212, 'molasses'),
(33, 'mozzarella'),
(257, 'mushroom'),
(91, 'mustard'),
(361, 'mustard seed'),
(394, 'mutton'),
(305, 'nigella seeds'),
(355, 'niter kibbeh'),
(55, 'nutmeg'),
(18, 'oil'),
(321, 'okra'),
(402, 'olive'),
(50, 'olive oil'),
(6, 'onion'),
(155, 'orange blossom honey'),
(308, 'orange blossom water'),
(161, 'orange juice'),
(238, 'orange peel'),
(63, 'oregano'),
(49, 'palm oil'),
(219, 'palm sugar'),
(329, 'palmiers'),
(142, 'paneer cheese'),
(334, 'panela sugar'),
(285, 'papaya'),
(46, 'paprika'),
(343, 'parmesan cheese'),
(75, 'parsley'),
(166, 'peanut butter'),
(255, 'peanut oil'),
(283, 'peanuts'),
(404, 'pear'),
(365, 'pearl onions'),
(157, 'pearl sugar'),
(240, 'pearled barley'),
(179, 'peas'),
(32, 'phyllo'),
(267, 'pickled mustard stem'),
(108, 'pickles'),
(82, 'pine nuts'),
(90, 'pineapple'),
(208, 'pineapple extract'),
(332, 'pistachio'),
(184, 'plum jam'),
(384, 'pomegranate seeds'),
(243, 'pork'),
(260, 'pork belly'),
(175, 'port salut cheese'),
(4, 'potato'),
(195, 'potato starch'),
(207, 'powdered milk'),
(276, 'powdered sugar'),
(303, 'puff pastry'),
(232, 'pumpkin seeds'),
(275, 'queso fresco'),
(354, 'radish'),
(57, 'raisins'),
(319, 'red onion'),
(282, 'red palm oil'),
(65, 'red pepper flakes'),
(364, 'red wine'),
(64, 'red wine vinegar'),
(94, 'relish'),
(158, 'rice'),
(231, 'rice flour'),
(252, 'rice vinegar'),
(336, 'ricotta'),
(262, 'rock sugar'),
(132, 'rose water'),
(120, 'rum'),
(125, 'saffron'),
(193, 'sago starch'),
(390, 'salted beef'),
(69, 'sausage'),
(85, 'savory'),
(168, 'scallion'),
(145, 'scotch bonnet pepper'),
(154, 'sea salt'),
(318, 'self-rising flour'),
(306, 'semolina'),
(254, 'sesame oil'),
(183, 'sesame seeds'),
(216, 'shallot'),
(251, 'shaoxing wine'),
(76, 'shelled wheat'),
(410, 'shellfish'),
(366, 'sherry'),
(40, 'sherry vinegar'),
(119, 'shortening'),
(245, 'shrimp'),
(253, 'sichuan pepper'),
(265, 'sichuan vegetable'),
(278, 'smen butter'),
(171, 'smoked paprika'),
(315, 'sorghum millet'),
(351, 'sour cream'),
(223, 'soy sauce'),
(340, 'spaghetti'),
(84, 'spinach'),
(298, 'squash'),
(297, 'stew beef'),
(310, 'stock'),
(35, 'sugar'),
(376, 'sulguni'),
(345, 'sunflower seeds'),
(369, 'sweet onion'),
(54, 'sweet potato'),
(263, 'sweet potato noodles'),
(192, 'taipoca'),
(274, 'tapioca flour'),
(194, 'tapioca starch'),
(381, 'tarragon vinegar'),
(316, 'teff flour'),
(341, 'tempeh'),
(328, 'thai chili'),
(102, 'thyme'),
(359, 'tin mutton'),
(256, 'tofu'),
(7, 'tomato'),
(17, 'tomato paste'),
(339, 'tomato puree'),
(222, 'tomato sauce'),
(363, 'treacle'),
(70, 'tripe'),
(271, 'turbinado sugar'),
(344, 'turkey'),
(109, 'turmeric'),
(405, 'turnip'),
(342, 'tvp'),
(383, 'utshko suneli'),
(56, 'vanilla'),
(99, 'vegetable bouillon'),
(147, 'vegetable oil'),
(167, 'vegetable stock'),
(411, 'vegetables'),
(124, 'vermicelli'),
(110, 'vinegar'),
(174, 'wagasi cheese'),
(198, 'walnuts'),
(246, 'water chestnut'),
(239, 'wheat berries'),
(300, 'whipped cream'),
(301, 'whipping cream'),
(272, 'white cheese'),
(317, 'white cornmeal'),
(149, 'white pastry flour'),
(247, 'white pepper'),
(214, 'white wine'),
(380, 'white wine vinegar'),
(151, 'whole wheat pastry flour'),
(98, 'worcestershire sauce'),
(199, 'yam'),
(53, 'yeast'),
(21, 'yoghurt'),
(20, 'yogurt'),
(269, 'yuca'),
(266, 'zha cai'),
(406, 'zucchini');

CREATE TABLE license (
  id bigint(20) NOT NULL,
  code varchar(20) NOT NULL,
  url varchar(150) NOT NULL
) ENGINE=InnoDB DEFAULT CHARSET=utf8mb4;

INSERT INTO license (id, code, url) VALUES
(1, 'CC BY 2.0', 'https://creativecommons.org/licenses/by/2.0/deed.en'),
(2, 'CC BY 3.0', 'https://creativecommons.org/licenses/by/3.0/deed.en'),
(3, 'CC BY-SA 1.0', 'https://creativecommons.org/licenses/by-sa/1.0/deed.en'),
(4, 'CC BY-SA 2.0', 'https://creativecommons.org/licenses/by-sa/2.0/'),
(5, 'CC BY-SA 2.5', 'https://creativecommons.org/licenses/by-sa/2.5/deed.en'),
(6, 'CC BY-SA 3.0', 'https://creativecommons.org/licenses/by-sa/3.0/deed.en'),
(7, 'CC BY-SA 4.0', 'https://creativecommons.org/licenses/by-sa/4.0/deed.en'),
(8, 'CC0 1.0', 'https://creativecommons.org/publicdomain/zero/1.0/'),
(9, 'Public Domain', 'https://en.wikipedia.org/wiki/Public_domain');

CREATE TABLE recipe (
  id bigint(20) NOT NULL,
  country bigint(20) NOT NULL,
  name varchar(120) NOT NULL,
  dish bigint(20) NOT NULL,
  url varchar(500) NOT NULL,
  date date NOT NULL,
  img varchar(50) NOT NULL,
  databee varchar(50) DEFAULT NULL,
  description varchar(1500) NOT NULL,
  favorite bit(1) NOT NULL
) ENGINE=InnoDB DEFAULT CHARSET=utf8mb4;

INSERT INTO recipe (id, country, name, dish, url, date, img, databee, description, favorite) VALUES
(1, 1, 'Kystybyi', 2, 'http://www.spicingyourlife.in/2016/09/qistibi-flatbread-stuffed-with-potatoes.html', '2018-06-01', 'kystybyi1.jpg', 'kystybyi', 'A milk and flour-based flatbread fried with a mashed potato filling. I generally do not like the texture of mashed potatoes, but they were good in this. I learned the hard way that you cannot easily grate onions in a garlic press without breaking it.', b'0'),
(2, 1, 'Red Ajika', 12, 'https://www.saveur.com/red-ajika-recipe', '2018-06-01', 'kystybyi1.jpg', 'ajika', 'A spicy salsa made with lots of aromatic ingredients. It went well with the kystybyi and has also proven delicious on other foods like cream cheese rangoons and chicken nuggets.', b'0'),
(4, 2, 'Mantu', 6, 'http://www.afghankitchenrecipes.com/recipe/mantu-beef-dumplings/', '2018-05-22', 'mantu2.jpg', 'mantu', 'Steamed dumplings. The yogurt, mint, tomato, onion and coriander together were a very new flavor combination for me. Took a while to make, but was very delicious.', b'0'),
(5, 2, 'Afghani Burger', 14, 'https://www.youtube.com/watch?v=DbFMpXrT_TA', '2018-05-23', 'afghaniburg1.jpg', NULL, 'Mostly french fries wrapped in Afghan bread. Can''t go wrong with a recipe that''s largely french fries. Aside from the fries, I mostly just filled them with leftover mantu filling. Dipped in mango chutney, they were very satisfying chomps.', b'0'),
(10, 139, 'Fergesë Tiranës me piperka', 3, 'https://www.myalbanianfood.com/recipe/albanian-fergese-e-tiranes-me-piperka/', '2018-06-18', 'tirgese1.jpg', 'fergese', 'I''m still not entirely sure what this is. My best guess is it''s some sort of casserole or creamy dip of some sort, for like bread I guess? As a dip, it is very rich and delicious. If it''s not a dip, then I accidentally made something delicious.', b'0'),
(11, 139, 'Flija', 3, 'https://www.myalbanianfood.com/recipe/albanian-flija-pancake/', '2018-06-24', 'flija2.jpg', 'flija', 'Layered pancakes. Very time consuming to make, and timing is key - if you don''t cook each layer just right, you''ll fuck up and have some layers be way too soft and others be way too crispy like I did. Getting each layer to be similar in thickness is also an important thing I failed to do correctly. Tasted like a pancake, but with layers. Not bad, but I''m not convinced that it can beat a good old fashioned waffle, even if I made it right.', b'0'),
(12, 140, 'Shakshouka', 16, 'https://cooking.nytimes.com/recipes/1014721-shakshuka-with-feta', '2018-06-26', 'shakshouka.jpg', NULL, 'It''s very tomatoey and eggy. Dipping bread into it is a good choice. I think you can eat it without a bread to dip in it, but I can''t handle that much tomato without something else to balance it out.', b'0'),
(13, 140, 'Kanafeh', 9, 'https://www.closetcooking.com/2013/11/kanafeh-sweet-cheese-pastry.html', '2018-07-09', 'kanafeh2.jpg', NULL, 'This is a dish made of phyllo dough stuffed with cheese, baked, and topped with a sugar syrup. It tastes exactly like you''d expect it to taste, which is a good thing. Highly recommended for people who don''t want to worry about their roommates coming home to see them sitting down naked in the middle of the kitchen dipping a cheese wheel in maple syrup.', b'0'),
(14, 141, 'Torrija', 2, 'http://honestcooking.com/easter-torrijas-decadent-spanish-toasts/', '2018-07-22', 'torrija.jpg', NULL, 'Definitely not French Toast™. Crispy outside, creamy inside. Less of an eggy taste than regular French Toast, which is a plus in my book. A rich tasty treat.', b'0'),
(15, 141, 'Calçot', 15, 'https://food52.com/recipes/17161-the-evasive-calcot-and-the-promiscuous-romesco', '2018-07-15', 'calcot1.jpg', NULL, 'Incredibly hard and messy to eat. But also delicious. I used Mexican grilling onions, since the internet told me those were close enough to actual calçots.', b'0'),
(16, 141, 'Romesco', 12, 'https://food52.com/recipes/17161-the-evasive-calcot-and-the-promiscuous-romesco', '2018-07-15', 'romesco.jpg', NULL, 'I definitely messed up on this because my version was very chunky and not very saucy. Despite this, it was still very tasty. Ramen mixed with Romesco and topped with onions is also very delicious.', b'0'),
(17, 142, 'Cocada Amarela', 5, 'https://www.196flavors.com/angola-cocada-amarela/', '2018-08-05', 'cocada.jpg', NULL, 'Coconutty pudding. The coconut flakes made its texture unlike most puddings. Tasty stuff.', b'0'),
(18, 142, 'Moamba de Galinha', 7, 'https://foodsfromafrica.com/angola-muamba-di-galinha-chicken-moamba-recipe/', '2018-07-30', 'moamba.jpg', NULL, 'Chicken cooked in a red palm oil sauce. I cannot accurately describe the taste of red palm oil, but it was definitely a very new taste and I''m pretty sure I enjoyed it. Chicken is tasty.', b'0'),
(19, 143, 'Ducana', 6, 'http://kitchen-tested.com/2011/04/10/antiguan-ducana-and-salt-fish/', '2018-08-07', 'ducana.jpg', NULL, 'These were very filling. They felt like some sort of protein or energy bar. Tasty warm and tasty cold. Definitely a good way to fill up on something somewhat healthy. I did not prepare the salt fish referenced in this recipe due to fish allergies and I did not add raisins to the ducana because I love myself.', b'0'),
(20, 143, 'Antiguan Butter Bread', 2, 'https://jesseatsandtravels.com/2018/04/11/butter-bread-from-antigua-and-barbuda/', '2018-08-11', 'butterbread.jpg', NULL, 'Very tasty and buttery. The linked recipe omits a few important details - namely the amount of flour to use. I used 360g (3 cups) and altered steps 1 and 2 as follows: mix JUST the buttermilk, yeast, and sugar, then mix the butter into the flour, THEN mix the yeast mix into the flour. After that the recipe worked great.', b'0'),
(21, 144, 'Empanadas Mendocinas', 9, 'https://www.laylita.com/recipes/empanadas-mendocinas/', '2018-08-18', 'empanadas.jpg', NULL, 'Delicious. Absolutely delicious. The spice mix for the meat was great. The onions were great. The crunch was great. All great. Five stars.', b'1'),
(22, 144, 'Chimichurri', 12, 'https://www.chowhound.com/recipes/argentine-chimichurri-sauce-28393', '2018-08-18', 'chimichurri.jpg', NULL, 'This sauce has a very strong herb flavor. Probably due to the fact that it''s mostly parsley and oregano. Very tasty. Good with empanadas and meat.', b'0'),
(23, 144, 'Locro', 13, 'https://therealargentina.com/en/recipe-for-argentine-locro/', '2018-08-25', 'locro.jpg', NULL, 'It''s mostly potatoes, sweet potatoes, corn, and onions. That''s like the four food groups right there, so I give this stew a 4/4.', b'0'),
(24, 145, 'Spas', 13, 'http://www.thearmeniankitchen.com/2015/05/spas-madzoon-yogurt-soup-with-grains.html', '2018-09-02', 'spas.jpg', NULL, 'Unsurprisingly, this minty yogurt soup tastes a lot like minty yogurt. I have a cold so hopefully eating this will cure me.', b'0'),
(25, 145, 'Eetch', 11, 'https://www.youtube.com/watch?v=cOTVZZ31HpU', '2018-09-07', 'eetch.jpg', NULL, 'A salad made mostly of bulgur wheat. Can be served hot or cold, and it''s tasty either way.', b'0'),
(26, 146, 'Zhingyalov hats', 14, 'https://heghineh.com/jingalov-hats/', '2018-09-09', 'hatsOffToYa.jpg', NULL, 'What happens when you make some dough and fill it with every green food you can find in your kitchen? This. A very tasty herby bread with every flavor in every bite!', b'1'),
(27, 146, 'Dolma', 15, 'https://foodwishes.blogspot.com/2015/05/lamb-rice-stuffed-grape-leaves-hours-to.html', '2018-09-15', 'dolma.jpg', NULL, 'Although the usual image of a dolma involves grape leaves (at least where I''m from), they can also be made with fresh vegetables like bell peppers, so I made both varieties. The grape leaf ones were a bit bitter and briney, but otherwise it was all pretty tasty.', b'0'),
(28, 147, 'Meat Pie', 9, 'https://www.thespruceeats.com/aussie-meat-pie-256149', '2018-09-16', 'meatpie.jpg', NULL, 'Juicy flaky meaty goodness. A perfect pastry. If you want to make the pie crust from scratch, I used <a href=''https://www.youtube.com/watch?v=1siW_wm9TnA'' target=''_blank'' rel=''external nofollow noopener noreferrer''>this recipe</a> for the bottom dough and <a href=''https://www.youtube.com/watch?v=Dcqk74DP-sw'' target=''_blank'' rel=''external nofollow noopener noreferrer''>this recipe</a> for the top.', b'1'),
(29, 147, 'Burger with the Lot', 14, 'https://www.allrecipes.com/recipe/70869/aussie-works-burger/', '2018-09-24', 'aussieburg.jpg', NULL, 'If you don''t like pineapples, fried eggs, or beetroot, this dish might not be for you. If you dislike all three of those things, then you might be me, and maybe you should go back in time and tell yourself not to make this dish.', b'0'),
(30, 148, 'Beef Goulash', 13, 'https://foodwishes.blogspot.com/2013/01/beef-goulash-thick-hungarian-soup-thin.html', '2018-09-29', 'goulash.jpg', NULL, 'A very strongly spiced stew. Warm, delicious, and very filling. If I lived somewhere that actually had noticable weather changes between seasons, I would definitely eat this during the winter.', b'1'),
(31, 148, 'Vienna Bread', 2, 'https://www.youtube.com/watch?v=5LUBrnoILFM', '2018-09-28', 'viennabread.jpg', NULL, 'Because I am bad with yeast, the recipe I made can more accurately be described as Vienna bread<em>sticks</em>. Fortunately, size didn''t matter and these bread babies were soft and delicious.', b'0'),
(32, 148, 'Liptauer', 12, 'https://www.masalaherb.com/austrian-liptauer-recipe/', '2018-09-28', 'liptauer.jpg', NULL, 'A tasty and somewhat spicy cheese spread. The spiciness was countered by the cheesiness, so it added a nice creamy kick to the bread I spread it on.', b'0'),
(33, 149, 'Dushbara', 13, 'http://flavorsofbaku.com/portfolio-view/dushbara/', '2018-10-06', 'dushbara.jpg', NULL, 'A very tasty tortellini-esque soup. Another prime example of how mint and meat are a good combination.', b'0'),
(34, 149, 'Shekerbura', 9, 'https://www.196flavors.com/azerbaijan-shekerbura/', '2018-10-06', 'shekerbura.jpg', NULL, 'The cardamom is a very nice touch, but otherwise these are basically just almondy biscuits.', b'0'),
(35, 149, 'Ayran', 1, 'https://www.youtube.com/watch?v=QCJ8IlfiXz0', '2018-10-06', 'ayran.jpg', NULL, 'A very refreshing beverage. I preferred it without mint on top, though.', b'0'),
(36, 150, 'Bahamian Macaroni and Cheese', 3, 'https://www.trubahamianfoodtours.com/bites-of-nassau-food-tour/bahamian-macaroni-cheese/', '2018-10-16', 'macaroni.jpg', NULL, 'A very rich and filling baked macaroni and cheese dish. This ain''t your mamma''s macaroni and cheese, unless your mother is from the Bahamas, then it probably is.', b'0'),
(37, 150, 'Switcha', 1, 'https://www.trubahamianfoodtours.com/tru-bahamian-must-eats/switcha/', '2018-10-18', 'switcha.jpg', NULL, 'Unsurprisingly it tastes like sweet, citrussy, and sour water. It is a bit refreshing but probably not the best thing to drink at night like I just did. Who needs sleep anyway?', b'0'),
(38, 150, 'Guava Duff', 5, 'https://www.trubahamianfoodtours.com/tru-bahamian-must-eats/guava-duff/', '2018-10-19', 'duff.jpg', NULL, 'The combination of boiled dough with mashed up guavas is very interesting. The combination of creamed butter and sugar to make the sauce is very delicious. I will definitely be using it on many non-duff foods.', b'0'),
(39, 151, 'Chicken Machboos', 10, 'https://www.geniuskitchen.com/recipe/traditional-bahraini-chicken-machboos-machbous-304034', '2018-10-23', 'machboos.jpg', NULL, 'There were a lot of flavors in this, and I think this may have been some of the best chicken I''ve ever eaten. I never would have thought to put cinnamon on chicken, but now I know the truth: it''s tasty.', b'1'),
(40, 151, 'Balaleet', 8, 'https://www.youtube.com/watch?v=JTwOBFvfXP0', '2018-10-27', 'balaleet.jpg', NULL, 'If you want to have pasta for breakfast, but also want to have tons of sugar in your breakfast, balaleet has got you covered. Also, a tablespoon of cardamom is a lot, so if you''re like me and think you''re too cool to buy pre-ground cardamom, reconsider before making this recipe; it''ll take a while to de-shell all that ''mom.', b'0'),
(41, 152, 'Mughlai Paratha', 14, 'https://hebbarskitchen.com/mughlai-paratha-recipe-moglai-porota/', '2018-11-03', 'paratha.jpg', NULL, 'Unsurprisingly, a recipe that involves lots of spiced cheese in a fried dough wrapper is absolutely delicious.', b'1'),
(42, 152, 'Chomchom', 5, 'https://hebbarskitchen.com/chum-chum-recipe-cham-cham-sweet-recipe/', '2018-11-04', 'chom.jpg', NULL, 'Fresh cheese curds boiled in sugar syrup, stuffed with a sugary milk goo. I love milk but I was still not sold on this. The texture is uncomfortable.', b'0'),
(43, 153, 'Bajan Chicken and Potato Roti', 14, 'https://www.totallybarbados.com/articles/barbados-recipes/chicken-potato-roti-recipe/', '2018-11-10', 'roti.jpg', NULL, 'A winning combination of chicken, potato, jerk seasoning, and flatbread. I burnt my hand a bit when I was cooking the roti. Worth it.', b'0'),
(44, 153, 'Cheese Cutter', 14, 'https://www.barbadospocketguide.com/eat-and-drink-in-barbados/bajan-food-and-drinks/cheese-cutter.html', '2018-11-18', 'cutter.jpg', NULL, 'Composed of Bajan Salt Bread, Bajan Pepper Sauce, and cheddar cheese. A solid cheese sandwich. You can''t go wrong with a cheese sandwich. Who doesn''t like a cheese sandwich? Everybody wants a cheese sandwich.', b'0'),
(45, 153, 'Bajan Salt Bread', 2, 'https://www.totallybarbados.com/articles/barbados-recipes/bajan-salt-recipe/', '2018-11-18', 'saltbread.jpg', NULL, 'It''s a pretty solid bread. Good for sandwiches, which is what I used it for. Because I am a fool, mine was a bit more dense than it''s supposed to be, but you can avoid this problem by not being bad at baking.', b'0'),
(46, 153, 'Bajan Pepper Sauce', 12, 'https://web.archive.org/web/20180828053141/https://eatlikeagirl.com/recipe-bajan-pepper-sauce', '2018-11-18', 'bajansaus.jpg', NULL, 'A nice spicy sauce. It''s heavily turmeric''d, which gave it a great flavor that many hot sauces lack, so even if you aren''t huge on spicy-for-the-sake-of-spicy, it''s a nice flavorful sauce.', b'0'),
(47, 154, 'Draniki', 15, 'https://www.belarus.by/en/about-belarus/cuisine/draniki', '2018-11-19', 'draniki.jpg', NULL, 'Potato pancakes. I don''t know what I did wrong but I somehow managed to completely ruin a frying pan making these. Pro-tip: don''t do that.', b'0'),
(48, 154, 'Kalduny', 6, 'https://windowstorussia.com/kalduny-recipe-a-pancake-and-or-a-dumpling.html', '2018-12-05', 'kalduny.jpg', NULL, 'Dumplings and/or stuffed pancakes, full of meat and onion. They''re like <span style=''text-decoration: line-through''>Uncrustables®</span> sealed crustless sandwiches, but with more potato.', b'0'),
(49, 155, 'Liège Waffles', 2, 'https://web.archive.org/web/20181030114154/http://www.waffle-recipes.com/liege-waffle-recipe-gaufres-de-liege/', '2018-12-19', 'liege.jpg', NULL, 'These were without a doubt the best waffles I have ever eaten, and perhaps one of the best sweet dough-based foods I''ve ever eaten, too. They were rich, crisp, caramelly, and delicious all around. If you have a free weekend and can get your hands on three different kinds of flour and a few other very specific ingredients, making these beautiful babies would be an excellent use of that time. The man behind waffle-recipes.com (site defunct as of November 2021) is a waffle genius. Usually when I make a complicated or time-consuming dish I think \"that was good, but too much effort to make again.\" With these, they were a lot of effort, but it was all worth it.', b'1'),
(50, 155, 'Rijstevlaai', 9, 'https://www.thedutchtable.com/2010/01/rijstevlaai-rice-pie.html', '2018-12-15', 'rijstevlaai.jpg', NULL, 'If you''ve ever looked at rice pudding and wished it was baked in a pie crust, then your prayers have been answered by rijstevlaai, which is literally just that. I''ve never had rice pudding at all before, so the texture was an interesting new experience. The creaminess was appreciated. Pie crust is always good, so that was an added bonus.', b'0'),
(51, 156, 'Fry Jacks', 2, 'https://www.geniuskitchen.com/recipe/fry-jacks-belize-499428', '2018-12-18', 'fryjack.jpg', NULL, 'You make some dough and then you fry the dough and then you eat the dough and it is a good tasty thing you can eat with honey or cheese or jam or any other good thing. That''s what this is. I got two delicious breakfasts out of it, served with honey the first time and with, uh, cheese puffs, the second time.', b'0'),
(52, 156, 'Chicken Legs Recado Rojo', 7, 'https://www.splendidtable.org/recipes/chicken-legs-recado-rojo', '2018-12-15', 'chickenrecado.jpg', NULL, 'I accidentally spilled a bunch of the recado rojo braising liquid onto the door of my oven when I tried putting it in there. I should clean that soon. The end result was tasty, though, so it was probably worth it. Also I didn''t have chicken legs so I used chicken breasts, so hopefully I don''t go to chicken jail for my crimes.', b'0'),
(53, 156, 'Recado Rojo', 12, 'https://www.whats4eats.com/sauces/recado-rojo-recipe', '2018-12-15', 'recadorojo.jpg', NULL, 'A sauce that, given its name, is probably supposed to be much more red than what I made. It was still very tasty though. I used it on chicken and then later mixed some of it with some Ranch dressing to make a much better Ranch dressing.', b'0'),
(54, 157, 'Wagasi in Sauce', 16, 'https://web.archive.org/web/20150424200135/www.celtnet.org.uk/recipes/miscellaneous/fetch-recipe.php?rid=misc-wagasi-sauce', '2018-12-18', 'wagasi.jpg', NULL, 'It''s probably a cop-out to substitute wagasi cheese in a recipe literally called ''wagasi in sauce'' but if you can find me a place to buy actual wagasi cheese in North America, you let me know and I will remake this recipe with the real thing. It was still tasty, though, as fried things and cheeses tend to be.', b'0'),
(55, 157, 'Peanut Soup', 13, 'https://www.thefooddictator.com/hirshon-beninese-peanut-soup/', '2019-01-04', 'peanutsoup.jpg', NULL, 'It''s got sweet potatoes, it''s got coconut milk, it''s got peanut butter, it''s got spices, it''s got soup. A very creamy soup that combines sweet and savory perfectly.', b'0'),
(56, 158, 'Ema Datshi', 10, 'https://www.196flavors.com/bhutan-ema-datshi/', '2019-01-06', 'emadatshi.jpg', NULL, 'Cheese. Pepper. Rice. These were the ingredients chosen to create the perfect rice dish. Spiciness and cheesiness are a great combination.', b'1'),
(57, 158, 'Momo', 6, 'https://www.youtube.com/watch?v=RtLLiCaQeY8', '2019-01-09', 'momo.jpg', NULL, 'Hard to go wrong with steamed dumplings full of cheese. As soon as I master the art of folding and wrapping dumplings into various shapes you can bet your ass I''m gonna make a million YouTube videos abeut it.', b'0'),
(58, 159, 'Salteñas', 9, 'https://www.196flavors.com/bolivia-saltenas/', '2019-01-23', 'saltenas.jpg', NULL, 'The love child of soup dumplings and empanadas. The juiciness was a nice touch, and the annatto flavoring in the dough gave it a distinct taste.', b'0'),
(59, 159, 'Sonso de Yuca', 3, 'http://chipabythedozen.com/en/zonzo-al-horno-baked-zonzo/', '2019-01-27', 'sonso.jpg', NULL, 'Goopy and cheesy, just the way I like my food. REMEMBER TO PROPERLY COOK YOUR CASSAVA BEFORE EATING IT OR ELSE YOU WILL DIE FROM CYANIDE POISONING.', b'0'),
(60, 160, 'Krofne', 9, 'https://mehtapozer.blogspot.com/2014/07/bosnian-doughnuts-aka-krofne.html', '2019-02-12', 'krofne.jpg', NULL, 'You get some donuts and you fry ''em up and you put some vanilla cream inside them and some powdered sugar outside them and it''s good and that''s what this is.', b'0'),
(61, 160, 'Burek', 9, 'https://www.manusmenu.com/bosnian-burek', '2019-02-05', 'burek.jpg', NULL, 'The trend of \"getting some meat, spicing it up, stuffing it in some sort of dough, and cooking it\" will never get old, because it''s always delicious.', b'0'),
(62, 161, 'Vetkoek with Mince', 2, 'https://sortedfood.com/recipe/4263', '2019-02-24', 'vetkoek.jpg', NULL, 'Gotta admit, the combination of curry powder, mango chutney, and cilantro makes for a very fine seasoning for beefs. The fried bread was also very delicious and complimented the mince well. A hearty dish all around.', b'1'),
(63, 161, 'Bogobe', 16, 'https://web.archive.org/web/20191012175056/https://ethnicfoodsrus.com/around-the-world-recipes/african-cuisine/zimbabwean-cuisine/traditional-plain-zimbabwean-sadza/', '2019-02-24', 'bogobe.jpg', NULL, 'You get some cornmeal and you mix it with water and then you boil it and you get something like corn porridge or polenta. It tastes like corn.', b'0'),
(64, 162, 'Pastel de Quiejo', 9, 'http://manisnacks.com/index.php/pastel-de-queijo/', '2019-03-10', 'pastel.jpg', NULL, 'As someone who goes to Panda Express almost exclusively for their cream cheese rangoons, it goes without saying that I am always down for fried dough full of creamy cheese, and that''s exactly what these are. And I only burned myself with hot oil ONCE while making them! Progress!', b'0'),
(65, 162, 'Galinhada', 10, 'https://www.196flavors.com/brazil-galinhada/', '2019-03-11', 'galinhada.jpg', NULL, 'Chicken and rice with some nice herbage. Also saffron. A winning combination for people who like rice with meat in it.', b'0'),
(66, 162, 'Escabeche', 7, 'https://www.kroger.com/r/brazilian-fried-fish-with-onions-tomatoes-vinegar-recipe/201041', '2019-03-16', 'escabeche.jpg', NULL, 'You get some fish (or whatever you want to fry) and you marinate it in some acid and then you cook some onions in some acid and then you eat all of it and it tastes like delicious acid.', b'0'),
(67, 162, 'Arroz Carreteiro', 10, 'http://gourmetcentric.com/2016/02/arroz-carreteiro/', '2019-03-17', 'carreteiro.jpg', NULL, 'Nice beefy rice. Very filling, very hearty, very tasty. Also, fun fact: roasting your own bell peppers is a fun and easy way to make them taste better.', b'0'),
(68, 162, 'Tapioca Crepe', 2, 'https://www.thespruceeats.com/tapioca-brazilian-crepes-3029703', '2019-03-20', 'tapioca.jpg', NULL, 'If you like crepes, then you''ll like these! Because they''re crepes. You can put crepe things in them. I used cheese. You can use chocolate. Or spinach. Or banangles. It''s gonna be good. And gluten-free, if that''s a thing your body cares about!', b'0'),
(69, 163, 'Ambuyat', 16, 'https://mfchzhiwei.blogspot.com/2014/11/ambuyat-recipe.html', '2019-03-29', 'ambuyat.jpg', NULL, 'I consumed more milk than I did ambuyat thanks to the bird''s eye peppers in the dipping sauce. The texture made me uncomfortable. I used tapioca starch instead of sago palm starch because I do not know how to acquire sago starch in California.', b'0'),
(70, 163, 'Nasi Katok', 10, 'http://edexcelwafiy-blog.tumblr.com/post/107644473057/brunei-nasi-katok-recipe-sambal-nasi-katok', '2019-04-01', 'nasikatok.jpg', NULL, 'Having never tasted tamarind before, I was not sure what to expect with the sauce on this dish. Fortunately, its flavor is a wonderful mix of extremely salty and extremely sweet. Also fortunately, I used half the recommended amount of shrimp paste, so my mouth did not get consumed by The Shrimp.', b'0'),
(71, 164, 'Garash Cake', 9, 'https://cookinglsl.com/garash-cake/', '2019-04-06', 'garash.jpg', NULL, 'A delicious *gluten-free* cake made almost entirely of walnuts, sugar, and eggs. It is very sweet, which is always a good thing when eating sweets. That''s why they''re called sweets, after all.', b'0'),
(72, 164, 'Moussaka', 3, 'https://www.findbgfood.com/recipe-moussaka', '2019-04-05', 'moussaka.jpg', NULL, 'You cook up some spiced meats and potatoes, then you pour some milky eggs on top and cook it all a bit more, and you get a custard-topped dream come true. I posted this with the hashtag \"custard\" on social media (alongside several other joke hashtags like #grungo and #spaghettiHyperloop) and then some frozen custard company store in Milwaukee followed me and commented \"what''s up?\" Buddy, this is not the kind of custard you''re looking for.', b'0'),
(73, 165, 'Thiakry', 5, 'https://cookingrelax.wordpress.com/2013/07/31/degue-or-thiakry/', '2019-04-13', 'degue.jpg', NULL, 'It''s a sweet and tart pudding-esque dish. Pretty tasty. It is gluten-free but if you use couscous instead of millet then it stops being gluten-free. However, this is true of all recipes when you substitute an ingredient for one that contains gluten.', b'0'),
(74, 165, 'Ragoût d''igname', 13, 'https://www.peacecorps.gov/educators/resources/recipe-ragout-digname/', '2019-04-12', 'yamstew.jpg', NULL, 'You get a lot of yams and you cook ''em in some beef broth and what do you get? A delicious stew!', b'0'),
(75, 166, 'Anise Bread', 2, 'https://humoroutcasts.com/2017/anise-bread-and-the-lost-pyramid-of-burundi/', '2019-04-20', 'anusbread.jpg', NULL, 'Fun fact: anise just tastes exactly like (black) licorice. Which means this bread just tastes like licorice. If you''re a fan of licorice, you''ll like this bread. If you''re not, you still might like it anyway! I hate licorice and I still thought this bread was pretty good.', b'0'),
(76, 166, 'Boko Boko Harees', 7, 'https://www.geniuskitchen.com/recipe/boko-boko-harees-burundi-484415', '2019-04-21', 'boko.jpg', NULL, 'Butter makes everything better, and this is true of grains as well. Buttery (or ghee-ey?) grains with chicken, onions, and lots of turmeric makes for a very filling meal.', b'0'),
(77, 167, 'Chamuças', 9, 'https://www.youtube.com/watch?v=2mjGUaV_d_A', '2019-05-26', 'chamucas.jpg', NULL, 'Samosas, but in Portuguese. Beefy, spicy, buttery, tasty.', b'0'),
(78, 167, 'Bolinhos de mandioca com mel', 5, 'https://expressodasilhas.cv/lifestyle/2019/03/06/para-variar-bolinhos-de-mandioca-com-mel/62664', '2019-06-02', 'bolinhos.jpg', NULL, 'So this recipe is in Portuguese and omits several important things like the amount of flour to use and the baking time and temperature, so I had to improvise. And use wheat flour since I ran out of cassava flour. So I probably didn''t ACTUALLY make this dish, but I made something probably similar perhaps, and it was still tasty! So, hoorah. If you want to make whatever the hell I made, follow this recipe but then keep adding flour until it forms a batter, then cook at 185 degrees Celcius for 15 minutes.', b'0'),
(79, 168, 'Lok Lak', 7, 'https://www.196flavors.com/cambodia-lok-lak/', '2019-05-01', 'loklak.jpg', NULL, 'A very tasty marinade and fancy dipping sauce brings this meat into true Yum In My Tum territory. I only burned the meat a little bit! Well, a little bit, total. No burning on one side and a lotta burning on the other. Still tasty! Shout out to Marcin for finding this recipe while I was busy panicking about how every Cambodian dish I could find was seafood-based. Surprise, now you know why none of the recipes on this site are fish dishes!', b'1'),
(80, 168, 'Chicken Amok', 4, 'https://ethnicspoon.com/how-to-make-cambodian-chicken-amok/', '2019-04-28', 'amok.jpg', NULL, 'You know what''s always good and never bad? Curry. You know what this is? Curry. It''s good. The lemongrass and mint give it a very fresh cool flavor that complements the spiciness very well. A crowd-pleaser.', b'1'),
(81, 169, 'Koki Corn', 6, 'https://www.africanbites.com/koki-corn-african-fresh-corn-tamales/', '2019-05-08', 'koki.jpg', NULL, 'I''d literally never seen a tamale before in my life until this. Which is strange because I live in California, but somehow I lived 29 years never seeing or eating an actual tamale. But I guess this is an actual tamale. And it was good. Therefore, tamales are good.', b'0'),
(82, 169, 'Vitumbua', 2, 'https://www.africanbites.com/vitumbarice-pancakes/', '2019-05-19', 'vitumbua.jpg', NULL, 'Tasty coconutty pancake babies with an equally tasty coconut milk caramel sauce. I have a lot of that caramel sauce left over so I''m just going to put it on everything I eat for the next day or two. The healthy choice.', b'0'),
(83, 170, 'Poutine', 16, 'https://www.seasonsandsuppers.ca/authentic-canadian-poutine-recipe/', '2019-05-18', 'pooteen.jpg', NULL, 'Gravy, squeaky cheese, and french fries. What more could you ask for in life? Well, lots of things. But what more could you ask for in a meal? Not much.', b'0'),
(84, 170, 'Butter Tart', 9, 'https://www.rockrecipes.com/best-classic-canadian-butter-tarts/', '2019-05-24', 'butttart.jpg', NULL, 'This should probably be obvious from the name but these bad boys were very buttery. I was only able to eat one after dindin, because the rich buttery goodness consumed me. And I, in turn, consumed it. A very tasty pastry.', b'0'),
(85, 171, 'Kanda', 7, 'https://www.196flavors.com/central-african-republic-kanda/', '2019-06-11', 'kanda.jpg', NULL, 'The pumpkin seed powder mixed into the meatballs gave them a pretty wild flavor that was guaranteed goodtimes for my mouth. I usually just buy frozen meatballs on the rare occassion I need meatballs, but next time I may just make these instead.', b'1'),
(86, 171, 'Fulani Boullie', 10, 'https://web.archive.org/web/20180301223703/http://www.congocookbook.com/rare_recipes/peace_corps_car.html', '2019-06-15', 'fulani.jpg', NULL, 'This is what happens when you get peanut butter and rice, like that one Reese''s Peanut Butter Cup commercial but one guy just has a huge vat of rice or something. Burnt peanut butter may be permanently stuck on one of my pots.', b'0'),
(87, 172, 'Jarret de Boeuf', 13, 'https://books.google.com/books?id=FJxlWwrVcKcC&pg=PA162', '2019-06-22', 'jarret.jpg', NULL, 'It''s a good old-fashioned beef stew. The presence of sweet potatoes is always appreciated, both in stews and just in general..', b'0'),
(88, 172, 'Karkanji', 1, 'http://www.tchad.org/research/cook.html#karkanji', '2019-06-22', 'karkanji.jpg', NULL, 'It''s sweet and made with hibiscus. Hello-biscus.', b'0'),
(89, 172, 'Bouillie', 10, 'https://web.archive.org/web/20190420054018/https://aussietaste.com.au/african-cuisine/bouillie-chadian-porridge/', '2019-06-23', 'bouillie.jpg', NULL, 'I realized moments after making this that the dish was very similar to the fulani boullie I made for the Central African Republic. But it''s definitely a completely different peanut butter rice porridge dish, so it''s okay. Don''t worry about it. This one didn''t ruin my saucepan, so I like it more.', b'0'),
(90, 173, 'Mote con huesillo', 1, 'https://www.cookingchanneltv.com/recipes/mote-con-huesillos-2119869', '2019-06-30', 'mote.jpg', NULL, 'It''s uhhh like if you had a boba/bubble tea but instead of sweat tapioca balls it''s a bunch of grains and also there is a peach in there.', b'0'),
(91, 173, 'Ensalada chilena', 11, 'https://www.thespruceeats.com/chilean-tomato-and-onion-salad-3029588', '2019-06-26', 'ensalada.jpg', NULL, 'Fun fact: if you soak onions in water for a while they don''t hurt as much when you eat them! That fun fact is what makes this a good salad.', b'0'),
(92, 173, 'Conejos', 9, 'https://www.chileanfoodandgarden.com/rabbits-chilean-conejos/', '2019-06-30', 'conejos.jpg', NULL, 'Dulce de leche is the perfect food, and sweet pastry buns are the perfect container for food. Thus, a combination of the two is a beautiful thing.', b'1'),
(93, 174, 'Egg Dumplings (Anhui cuisine)', 6, 'https://www.youtube.com/watch?v=jdOua-VHPPU', '2019-07-10', 'eggdump.jpg', NULL, 'These are basically just tiny omelets. Which is not a bad thing, if you like omelets. Omelets covered in soy sauce.', b'0'),
(94, 174, 'Coconut Bar (Cantonese cuisine)', 5, 'https://bigflavorstinykitchen.com/coconut-jelly/', '2019-07-08', 'coconutgun.jpg', NULL, 'Nice little jelly cubes. They''re creamy, they''re coconutty, they''re good. Would recommend.', b'0'),
(95, 174, 'Ngo hiang (Fujian cuisine)', 7, 'https://www.misstamchiak.com/recipe/ngoh-hiang/', '2019-07-09', 'ngo.jpg', NULL, 'I had never heard of bean curd skins/wrappers before this, but I gotta say that they make good eggroll-esque vehicles for transferring fried food into your mouth. Good stuff, but I have also learned that I am not a fan of water chestnuts.', b'0'),
(96, 174, 'Dong''an Chicken (Hunan cuisine)', 7, 'https://whattocooktoday.com/dongan-chicken.html', '2019-07-07', 'dongan.jpg', NULL, 'I can''t tell if my spice tolerance is increasing or if I''m just underspicing things subconsciously because I am a baby. Probably the second one. Either way, very tasty chicken.', b'0'),
(97, 174, 'Dazhu gansi (Jiangsu cuisine)', 13, 'https://www.youtube.com/watch?v=jVzdfGC1xxs', '2019-07-15', 'chickentofusoup.jpg', NULL, 'What if chicken noodle soup was still chicken noodle soup, but instead of nice wheat strings, the noodles were instead thinly-sliced tofu strips? Then you''d have this. If you like chicken noodle soup and aren''t morally opposed to tofu, you''ll like this.', b'0'),
(98, 174, 'Básī dìguā (Shandong cuisine)', 5, 'https://homeeconomics.pixnet.net/blog/post/83245387-269.%E6%8B%94%E7%B5%B2%E5%9C%B0%E7%93%9C', '2019-07-15', 'sugarpotato.jpg', NULL, 'If you wanty eat some sweet potatos but are disappointed with how they aren''t as sweet as their name might suggest, you can try frying them and then stirring them into a very hot sugar syrup. Then you can VERY CAREFULLY pull a sticky stringy chunk of sweet potato out of the pile, dip it into some ice water to cool and solidify the hot sugar, and then crunch into yum!', b'0'),
(99, 174, 'Hot and Sour Noodles (Sichuan cuisine)', 8, 'https://www.chinasichuanfood.com/hot-and-sour-sweet-potato-noodles/', '2019-07-02', 'hotsournoodz.jpg', NULL, 'They were less hot and less sour than I expected, which was nice. The fried peanuts were very delicious. The zha cai was interesting. The noodles were sweet potatoey. Wild times all around.', b'0'),
(100, 174, 'Dongpo Pork (Zhejiang cuisine)', 7, 'https://rasamalaysia.com/braised-pork-belly-dong-po-rou/', '2019-07-13', 'donpo.jpg', NULL, 'As a disclaimer, I don''t actually like pork. This dish did not change my mind. I also probably cooked this dish wrong because I''ve never cooked pork before and it was harder than expected to find pork belly. Having said all that... s''fine. ''Sa fine dish. Probably better if you can find pork belly that isn''t pre-sliced and you actually like pork, but even without that, s''fine.', b'0'),
(101, 175, 'Pandebonos', 2, 'https://www.sweetysalado.com/en/2013/06/pandebonos-colombian-cheese-bread.html', '2019-07-17', 'pandebonos.jpg', NULL, 'Tastyesgoodelicousperfectgoodtasty. I''m really tired right now because it''s 1am so I should probably wait until later to write this but in my sleep-deprived state I feel like I''m qualified to speak my emotions and my emotions for these cheesy bread babies are nothing but positive ones. Even though mine got a bit flat and burnt on the bottom they were still extremely - and I emphasize EXTREMELY - delicious. If you eat cheese, eat these.', b'1'),
(102, 175, 'Hot Chocolate', 1, 'https://web.archive.org/web/20190214161014/https://blosh.nz/colombian-hot-chocolate-cheese-recipe/', '2019-07-19', 'hotchocky.jpg', NULL, 'Hot chocolate. With cheese. I''m not a man who likes the whole \"salty and sweet\" trend with all the salted caramel and salted chocolate chip garbage that''s all the rage these days, but this is primarily creamy and bitter, with a bit of sweetness and a bit of saltiness in the background. It''s pretty good.', b'0'),
(103, 175, 'Carimañolas', 9, 'https://www.mycolombianrecipes.com/meat-and-cheese-stuffed-yuca-carimanolas-de-carne-y-de-queso', '2019-07-21', 'carimanolas.jpg', NULL, 'A delicious thing that is perfect and good and yes. They''re basically croquettes but better in every possible way, and made with yuca instead of mashed potatoes. Which is a plus in my book. Cumin once again proves it is a spice to be reckoned with.', b'1'),
(104, 176, 'Ladu', 5, 'http://deborahotoole.com/FoodFare/ladu.htm', '2019-07-28', 'ladu.jpg', NULL, 'Balls of cooked rice, sugar, cardamom, black pepper, and ghee. I will go on the record and say that I burnt the rice a bit, or a lot. It tasted like sweet burnt rice. Bone App the Teeth.', b'0'),
(105, 176, 'Pilaou au Poulet', 10, 'http://sameera.over-blog.com/2015/01/pilaou-au-poulet.html', '2019-07-28', 'pilaou.jpg', NULL, 'Rice + Spice = Nice. This is the formula for a good number of dishes I''ve cooked so far and this dish is just more proof of its correctness. It makes a yumyum in my tumtum, with special note given to the nice carmelized onions in every bite.', b'0'),
(106, 177, 'Yassa Chicken', 7, 'https://www.africanbites.com/yassa-chickenpoulet-au-yassa/', '2019-08-03', 'yassa.jpg', NULL, 'In my adventures in foreign foods, I am also discovering not-very-foreign-at-all things that I have somehow never tried before. Like mustard. Yeah, I''ve never had mustard before. Yes at the time of this writing I was a 29 year old U.S. American. Unfortunately, I have now reached the conclusion that I do not like mustard with chicken. This is unfortunate because this is chicken in a mustard sauce.', b'0'),
(107, 177, 'Moambé Chicken', 7, 'https://www.marga.org/food/int/congo/mwamba.html', '2019-08-03', 'moambe.jpg', NULL, 'Guess who, just now, as he started writing this, realized that this dish is probably identical to the Moamba de Galinha he made for Angola? This guy! Fortunately, the two recipes are pretty different as this one called for peanut butter as the prize ingredient as opposed to the Angolan version''s palm oil. When trying to find recipes for this, I found an article that, in the comments, had a Congolese person angrily stating that the peanut butter recipe was bullshit and that the authentic Congolese version was very different. Sadly, I can no longer find her version because that website up and fucking vanished in the like three days between me finding it and me trying to make this. The site itself exists in the Wayback Machine but the recipe page was not saved, so, whoopsie! Either way, I don''t think I like peanut butter chicken. I think that Congolese woman''s recipe was probably better.', b'0'),
(108, 178, 'Mikate', 6, 'https://www.youtube.com/watch?v=7Q7I10hAtmE', '2019-09-01', 'mikate.jpg', NULL, 'A crispy slightly coconutty outside with a soft fluffy vanilla-ey inside. Such a simple dough creates such a beautiful treat.', b'1'),
(109, 178, 'Fumbwa', 13, 'https://www.thespruceeats.com/fumbwa-recipe-congolese-wild-spinach-stew-39465', '2019-09-01', 'fumbwa.jpg', NULL, 'It smells better than it tastes and it tastes better than it looks. But it also smells like peanut butter, though, which is always a plus.', b'0'),
(110, 179, 'Poke', 5, 'https://www.food.com/recipe/poke-cook-islands-part-deux-461407', '2019-09-03', 'poke.jpg', NULL, 'This is basically just a creamy papaya pudding. If you like papayas and pudding, this is the thing for you. If you don''t like either of those things, maybe don''t make this. That''s the lesson I learned here.', b'0'),
(111, 179, 'Curried PawPaw Salad + Dressing', 11, 'https://web.archive.org/web/20101230004424/http://www.destination-cook-islands.com/Curried-Pawpaw.html', '2019-09-03', 'currypapaya.jpg', NULL, 'Tasted like papayas, mayonnaise, and curry powder. Which is not three things I''d usually want to taste at the same time. This is no exception.', b'0'),
(112, 180, 'Picadillo de Papa', 7, 'https://www.centralamerica.com/experiencing/eating/costa-rica-picadillo-de-papa-recipe/', '2019-09-08', 'picadillo.jpg', NULL, 'A hash of potatoes and meat, but mostly potatoes, which are the real winner of any recipe including potatoes. The seasonings were good times. The potatoes were good times. It was all good times.', b'0'),
(113, 180, 'Proprietary Ice Cream Sandwich', 5, 'https://neverendingeverywhere.wordpress.com/2016/11/28/a-thing-called-trits/', '2019-09-14', 'trit.jpg', NULL, 'Graham crackery and ice creamy. Hard to go wrong with that, unless ice cream gives you a brain freeze. Which it does for me, but, hey, the cookies were still tasty!', b'0'),
(114, 181, 'Kedjenou Chicken', 7, 'https://www.africanbites.com/kedjenou-chicken/', '2019-10-01', 'kedjenou.jpg', NULL, 'The combination of spices here makes for some smooth chickens. Definitely tasty.', b'0'),
(115, 181, 'Riz au Gras', 10, 'https://www.tropicalfoodies.com/2012/01/22/riz-au-gras-or-the-biggest-misnomer-in-culinary-history/', '2019-09-23', 'rizaugras.jpg', NULL, 'It''s tomatoey rice. With some beef and shrampies in it. Or no shrampies if you were lazy like me. Still tasty.', b'0'),
(116, 182, 'Povitica', 2, 'https://www.allrecipes.com/recipe/235811/grandmas-povitisa-po-vuh-teet-zuh-povitica-croatian-nut-bread/', '2019-10-06', 'povitica.jpg', NULL, 'A tasty spiraly bread with a very pretty cross-section and a very tasty eat-section. Flavors of walnuts, lemons, and vanillis mix well with the soft fluffy bread.', b'0'),
(117, 182, 'Kremšnita', 9, 'https://www.196flavors.com/croatia-kremsnita/', '2019-10-09', 'kremspita.jpg', NULL, 'A fluffy creamy combination of custardy whippedcreamy puffpastry-y goodness.', b'0'),
(118, 183, 'Yuca con Ajo', 11, 'https://icuban.com/food/yuca_con_ajo.html', '2019-10-19', 'yucajo.jpg', NULL, 'Tastes like potatoes and garlic, with some acidity from the citrus juices. A tasty treat made slightly less delicious by my anxieties about getting cyanide poisoning from eating undercooked cassava.', b'0'),
(119, 183, 'Pastelitos de Guayaba', 9, 'https://www.mybigfatcubanfamily.com/2016/07/pastelitos-de-guayaba-recipe/', '2019-10-19', 'cubanpastry.jpg', NULL, 'It''s pastry full of guava paste and cream cheese. That''s what I call a good food to eat in your mouth. Sweet and a bit savory.', b'0'),
(120, 184, 'Hellimli', 2, 'https://www.therecipehunters.com/hellimli', '2019-10-27', 'hellimli.jpg', NULL, 'This is a very intense bread full of lots of flavors and textures in every bite. If you can handle its power, you will find a very delicious, cheesy, and filling bread.', b'0'),
(121, 184, 'Shiamishi', 9, 'https://www.kopiaste.org/2007/11/shiamishi/', '2019-11-01', 'shiamishi.jpg', NULL, 'Happy Feast Day of Kosmas and Damianos! To celebrate like the Orthodox Cypriots might, whip up some wet flour that has been wrapped around some wetter, different flour, and then fried! The result? Pretty tasty!', b'0'),
(122, 185, 'Knedlíky', 6, 'https://www.196flavors.com/czech-republic-knedliky/', '2019-11-03', 'knedliky.jpg', NULL, 'It''s like bread... but boiled. So it kind tastes and feels like wet bread. Since it''s not baked, it lacks that distinct Maillard reaction flavor that bread usually has. Very good for soaking up soup, though!', b'0'),
(123, 185, 'Česnečka', 13, 'http://www.tresbohemes.com/2019/07/cesnecka-traditional-czech-garlic-soup/', '2019-11-03', 'garlicsoup.jpg', NULL, 'A very hearty, very garlicky soup. Especially if you use more than double the recommended amount of garlic like I did. What? It''s literally a garlic soup. I ain''t gonty skimp out on the GARLIC. But it was delicious. Cured all my ailments and status effects.', b'1'),
(124, 186, 'Vaniljekranse', 5, 'https://mydanishkitchen.com/tag/vaniljekranse/', '2019-11-16', 'dansk.jpg', NULL, 'What us Americans know as the delicious butter cookies from the blue tins that are often full of sewing supplies, are actually just delicious butter cookies... from Denmark! Trying to get the ring shape failed after my piping bag burst, so I settled for making several in regular disk shapes. Still delicious!', b'1'),
(125, 186, 'Boller i Karry', 4, 'https://nordicfoodliving.com/danish-meatballs-in-curry-sauce-boller-i-karry/', '2019-11-10', 'boller.jpg', NULL, 'If anyone was expecting a Scandinavian curry to be mind-blowing, it wasn''t me, and for good reason. I mean, it''s curry, so it''s still delicious, but apple isn''t a thing I''d have thought to put into curry, and I was right to not think that.', b'0'),
(126, 187, 'Skoudehkaris', 10, 'https://www.196flavors.com/djibouti-skoudehkaris/', '2017-12-17', 'skoudehkaris.jpg', NULL, 'A soupy rice bowl that''s fun for the whole family. This recipe calls for cardamom pods and doesn''t specify to grind them up first, so I got a few bites of cardamom that were P U R E F L A V O R.', b'0'),
(127, 187, 'Lahooh', 2, 'https://www.internationalcuisine.com/djibouti-canjeero/', '2017-12-17', 'lahooh.jpg', NULL, 'Spongy bread. Soaks up broth and such very well, but extremely bland on its own.', b'0'),
(128, 188, 'Cush Cush Biscuits', 2, 'https://web.archive.org/web/20191201134511/http://www.caribbeanchoice.com/recipes/recipe.asp?recipe=871', '2019-12-18', 'cush.jpg', NULL, 'Some nice slightly sweet slightly savory biscuits. Good in my book.', b'0'),
(129, 188, 'Callaloo Soup', 13, 'https://thatgirlcookshealthy.com/caribbean-callaloo-soup/', '2019-12-18', 'callaloo.jpg', NULL, 'A creamy green soup. I used spinach because I could not find callaloo, which seems like a sin given the name of the dish, but the recipe itself says spinach is a valid substitute, so I''m innocent of all crimes!', b'0'),
(130, 189, 'Morir Soñando', 1, 'https://www.dominicancooking.com/976-morir-sonando-milk-and-orange-juice.html', '2019-12-19', 'morirsonando.jpg', NULL, 'Milky, orangey, tasty. But if you''re going to follow this recipe, don''t add any sugar until after you''ve tasted it without any first because wowie was that too much sugar.', b'0'),
(131, 189, 'Kipes', 6, 'https://www.dominicancooking.com/55-quipes-deep-fried-bulgur-roll.html', '2019-12-20', 'kipe.jpg', NULL, 'Delicious dumples. The fried bulghur shells provided a unique texture that was definitely appreciated.', b'0'),
(132, 189, 'Domplines', 6, 'https://www.dominicancooking.com/16924-domplines-recipe-dominican-style-dumplings.html', '2019-12-20', 'domplines.jpg', NULL, 'Basically pasta but the dough has butter in it so it''s not technically a pasta dough. The bell pepper and cheddar sauce was very tasty, too. I''ve got a bunch left over to use on macaroni later!', b'0'),
(133, 190, 'Llapingachos', 15, 'https://www.thespruceeats.com/ecuadorian-potato-pancakes-llapingachos-3029638', '2020-01-06', 'llapingachos.jpg', NULL, 'It''s hard to go wrong with a recipe that''s mostly fried potatoes, sauteed onions, and melted cheese. Empires were built on that combination of ingredients.', b'0'),
(134, 190, 'Salsa de Mani', 12, 'https://www.laylita.com/recipes/salsa-de-mani-or-peanut-sauce/', '2020-01-06', 'salsademani.jpg', NULL, 'A savory and slightly sweet peanut sauce that goes very well with the cheesy fried llapingachos.', b'0'),
(135, 190, 'Humitas', 6, 'https://www.laylita.com/recipes/humitas/', '2020-01-10', 'humitas.jpg', NULL, 'Tastes like corn and cheese, because that''s largely what it is. Pretty good vehicle to deliver corn and cheese to your mouth.', b'0'),
(136, 191, 'Hawawshi', 14, 'https://burmaspice.com/recipes/hawawshi-egyptian-stuffed-pita/', '2020-01-18', 'hawawshi.jpg', NULL, 'A hearty and flavorful meal, made more challenging to make and eat due to the fact that that, apparently, Arabic pita has pockets to stuff with meat and Greek pita does not. I wish I had known that before I had bought Greek pita. Even with the challenge of halving pitas manually (and not accidentally cutting myself in the process, hooray!), these were still delicious.', b'1'),
(137, 191, 'Om Ali', 5, 'https://cleobuttera.com/middle-eastern/best-ever-om-ali-egyptian-bread-pudding/', '2020-01-22', 'omali.jpg', NULL, 'This dish marks the first time I''ve set off a smoke alarm in my life, and if you can see the picture it should be very obvious as to why. Burnt parts aside, it was pretty tasty.', b'0'),
(138, 192, 'Pupusas', 14, 'https://www.allrecipes.com/recipe/257631/basic-cheese-pupusas/', '2020-02-02', 'pupusas.jpg', 'pupusa', 'Extremely delicious and Very Yum. The crispy corny exterior blends perfectly with the creamy cheesy interior. The fermented cabbage and onion topping - curtido - gave it an excellent tanginess as well.', b'1'),
(139, 192, 'Atol de Elote', 1, 'http://globaltableadventure.com/recipe/creamy-sweet-corn-drink-atol-de-elote/', '2020-01-28', 'atol.jpg', 'atol', 'When I first finished making this, it smelled so much like sweet corn that it worried me. But alas, it tastes very soothing when warm.', b'0'),
(140, 192, 'Nuégados de Yuca', 9, 'https://www.196flavors.com/salvador-nuegados-de-yuca/', '2020-01-28', 'nuegados.jpg', 'nuegados', 'The panela honey I dipped these in was delicious, but perhaps a bit sweet for these very salty fritters.', b'0'),
(141, 193, 'Nkate Cake', 5, 'https://www.196flavors.com/equatorial-guinea-nkate-cake-kongodo/', '2020-02-12', 'nkate.jpg', 'kongodo', 'Nothing too exciting to say about this one. Do you like peanuts? Do you like sugar? If so, you''ll like this. It''s basically just peanut brittle. You like that, you''ll like this.', b'0'),
(142, 193, 'Ginger Millet Porridge', 16, 'http://globaltableadventure.com/recipe/ginger-millet-porridge/', '2020-02-09', 'porij.jpg', 'porridge', 'I am generally skeptical of porridges or any foods with the texture of \"not quite liquid, not quite solid,\" but the cinnamonny gingery flavor of this was a pleasant surprise. Good Flavor Combo/10.', b'0'),
(143, 193, 'Ginja Beer', 1, 'https://www.196flavors.com/equatorial-guinea-ginger-beer-ginja-beer/', '2020-02-11', 'ginja.jpg', 'ginja', 'This tastes like ginger and yeast. I was too afraid of the bottle exploding while it was fermenting so I kept opening the bottle to let gas out, so the end result was a bit flat. Still tasted fine, though.', b'0'),
(144, 194, 'Zigni Spaghetti', 8, 'https://thespiceisland.blogspot.com/2010/04/spaghetti-in-zingi-sauce_05.html', '2020-02-12', 'zigni.jpg', 'zigni', 'Mamma mia! That''s a spicy pasta! This reminds me a lot of pasta arrabbiata in that they''re both spicy tomato sauces, but using berbere seasoning instead of just chili peppers makes it slightly less spicy but significantly more flavorful. I''m never making regular ol'' arrabbiata again after this!', b'1'),
(145, 194, 'Tsebhi Sega', 7, 'https://www.storyofakitchen.com/meat-recipes/tsebhi-sega-spicy-eritrean-meat-recipe/', '2020-02-15', 'sega.jpg', 'tsebhi', 'I''ve never had ground lamb before this but this was delicious as hell, so consider me a fan. I will remember lamb favorably and definitely try using these spice combinations again in other dishes in the future.', b'1');
INSERT INTO recipe (id, country, name, dish, url, date, img, databee, description, favorite) VALUES
(146, 195, 'Kana-kodujuustukotletid', 9, 'https://estoniancuisine.com/2019/11/03/cottage-cheese-and-chicken-fritters/', '2020-02-19', 'fritties.jpg', 'cottage', 'These are exactly the sum of their parts. Don''t get me wrong, these were very tasty, but I probably could have saved some time by just eating handfuls of chicken, cottage cheese, and bread crumbs without bothering to mix any of it together.', b'0'),
(147, 195, 'Kohuke', 5, 'https://www.youtube.com/watch?v=gS153553pkA', '2020-02-20', 'kohuke.jpg', 'kohuke', 'Tasty. Chocolatey. Proteiny. The healthy candy bar. I am proud of myself for successfully tempering chocolate on my first try, but less proud of myself for failing to form these into actual bars.', b'0'),
(148, 196, 'Mealie Bread', 2, 'https://www.africanbites.com/mealie-bread-south-african-corn-bread/', '2020-02-25', 'mealiebread.jpg', 'mealie', 'Cornbread with BONUS TEXTURE from having actual corn chunks inside. A tasty corny treat.', b'0'),
(149, 196, 'Slaai', 11, 'https://www.196flavors.com/eswatini-slaai/', '2020-02-25', 'slaai.jpg', 'slaai', 'Full disclosure, I don''t like avocado. But if you soak it in a lemon juice and ginger marinade for a bit and top it with peanuts? It''s pretty alright! If you like avocado, give it a try some why not!', b'0'),
(150, 197, 'Kicha FitFit', 2, 'http://www.tefforama.com/recipes/traditional/kicha-fitfit/', '2020-03-08', 'kitcha.jpg', 'kitcha', 'Kind of like shredded up pancakes, but instead of maple syrup it''s spicy syrup. Too hot for me, but still good.', b'0'),
(151, 197, 'Niter Kibbeh', 12, 'https://www.whats4eats.com/sauces/niter-kibbeh-recipe', '2020-02-15', 'niterkibbeh.jpg', 'niterkibbeh', 'It''s like ghee with bonus flavor. I am a fan. I''m not sure what I''m gonna use the rest for, but I''m glad I have it in my fridge.', b'0'),
(152, 197, 'Doro Wat', 13, 'https://www.daringgourmet.com/doro-wat-spicy-ethiopian-chicken-stew/', '2020-03-06', 'dorowat.jpg', 'wat', 'It''s a nice spicy chicken stew.', b'0'),
(153, 197, 'Injera', 2, 'https://www.daringgourmet.com/authentic-injera-ethiopian-flatbread/', '2020-03-06', 'injera.jpg', NULL, 'Very hard to make, but the \"close enough, probably\" version I made was still very good! The slightly sour flavor went well with the Doro Wat.', b'0'),
(154, 198, 'Corned Mutton Curry', 4, 'https://feedingthesonis.wordpress.com/2013/12/03/corned-mutton-curry-gravy-version/', '2020-03-14', 'muttoncurry.jpg', 'mutton', 'The flavor of the corned mutton is strong, but still lets the flavors of the spices shine through. Good stuff; great stuff if you serve it with coconut rice.', b'0'),
(155, 198, 'Kava', 1, 'https://travelfoodatlas.com/authentic-pacific-kava-drink-recipe#fijian-kava-drink-recipe', '2020-03-14', 'kava.jpg', 'kava', 'Kava is a big deal kind of drink in Fiji. It also makes your tongue numb, tastes kind of like dirt, and supposedly relaxes you. I can confirm the tongue numbing and dirt flavor, but I did not feel more relaxed from drinking it.', b'0'),
(156, 198, 'Cassava Cake', 5, 'https://www.youtube.com/watch?v=fj48hFgr69o', '2020-03-18', 'cassavacake.jpg', 'cassava', 'Milky cakey yummy good.', b'0'),
(157, 199, 'Karelian Pasties', 9, 'https://www.food.com/recipe/karelian-pasties-karjalan-piirakat-136480', '2020-03-21', 'karelian.jpg', 'pasties', 'If you want to experience this dish without all the difficulty of preparing it, just make some rice pudding and dip some rye bread toast into the pudding. I can''t say that would be a good use of your time, but it''d be more efficient than making this, at least.', b'0'),
(158, 199, 'Imelletty Perunalaatikko', 3, 'https://www.food.com/recipe/sweetened-potato-casserole-imelletty-perunalaatikko-196989', '2020-03-21', 'sweetenedpotato.jpg', 'casserole', 'You get some potatoes and then you mash them and then you mix some flour in and leave it in a barely warm oven for like 3 hours and then you have potatoes that have become sweet through some kind of science and it''s kinda tasty, neat stuff.', b'0'),
(159, 200, 'French Onion Soup', 13, 'https://www.youtube.com/watch?v=1qRir364aNk', '2020-03-28', 'frunyun.jpg', 'onion', 'Unsurprisingly, a soup that is mostly caramelized onions and then topped with cheese is extremely delicious. Stop reading this and go caramelize some onions.', b'1'),
(160, 200, 'Boeuf Bourguignon', 13, 'https://www.food.com/recipe/boeuf-bourguignon-a-la-julia-child-148007', '2020-03-29', 'boigyoingyon.jpg', 'boeuf', 'I sustained some mild first-degree burns on my left hand by accidentally grabbing the handle of a pot that had recently been removed from a 400ºF oven while making this dish, and I still think it was worth it.', b'1'),
(161, 200, 'Croissants and Pain au chocolat', 9, 'https://www.youtube.com/watch?v=jXqcHAUzrI4', '2020-03-31', 'krosawhn.jpg', 'crossahwn', 'Mistakes were definitely made making this recipe as too much yeast was used, and eggs were accidentally added to the dough. Even mistake croissants are delicious, though. So delicious.', b'1'),
(162, 201, 'Boeuf aux Mangues Sauvages', 7, 'https://web.archive.org/web/20190302231302/http://www.congocookbook.com/meat_recipes/beef_in_wild_mango_kernel_sauce.html', '2020-05-17', 'ogbono.jpg', 'boeuf', 'Seeing how quickly the ogbono (wild mango) seeds turned some tomatoey meaty water into a sauce was wild. A thousand thanks to <a href=''https://www.afrofood.com/'' target=''_blank'' rel=''external nofollow noopener noreferrer''>Afrofood</a> for the ogbono seed and dried shrimp, and no this is not a sponsored post, I just want to ensure that - in the off chance you see this and go \"oh yeah I want to make that recipe, let me buy some ingredience!\" - you get them from a small business instead of that one big garbage website.', b'0'),
(163, 201, 'Cucumber Salad', 11, 'https://edibleun.wordpress.com/2016/05/23/trip-28-gabon-africa-gabonese-mustard-lemon-chicken-cucumber-salad-baked-bananas-gabon-french-bread/', '2020-05-17', 'cukesalad.jpg', 'cuke', 'Lots of crunch, with a good amount of munch. The cumin elevates the dressing into full-on yum territory.', b'0'),
(164, 202, 'Dibi', 7, 'https://www.youtube.com/watch?v=bJPwzdTf4a4', '2020-08-24', 'dibi.jpg', 'dibi', 'I''ve never had goat meat before and, given how much effort it took to find it (admittedly, \"checking the farmer''s market\" isn''t exactly a LOT of effort), it''s not likely I''ll eat it again (a message from My Future Self: bro you think Gambia is the only country that eats goat? you won''t even make it out of the G''s before you eat goat meat again!), but all of the flavors went very well together in ways I''ve never experienced before. It may not be the best food I''ve eaten on this journey, but in the past I''ve had some foods that made me say \"well, this is new\" in a bad way. This was new in a very good way.', b'0'),
(165, 202, 'Tapalapa', 2, 'https://www.196flavors.com/gambia-tapalapa/', '2020-08-24', 'tapalapa.jpg', 'tapalapa', 'Four different types of flour in one dough leads to a very unique flavor. Similar to cornbread, it is delicious, even if I had to settle for mostly-dead yeast since this was made during a pandemic and stores sometimes don''t have much regular alive yeast during pandemics when everybody decides to start baking.', b'0'),
(166, 203, 'Adjarian Khachapuri', 9, 'https://www.youtube.com/watch?v=8ROCm1ZD92Y', '2020-08-30', 'khachapuri.jpg', 'khachapuri', 'It is a boat-shaped bread full of cheese, topped with an egg and butter. I don''t know what else you''d want or expect from me. It''s delicious and filling and unhealthy and delicious. Make some now.', b'1'),
(167, 203, 'Badrijani Nigvzit', 15, 'https://georgiantable.com/2014/06/08/georgian-eggplant-badrijani-nigvzit/', '2020-08-30', 'badrijani.jpg', 'badrijani', 'This shit is nuts. And by that I mean it''s fried eggplant full of walnuts. And garlic. And then it''s topped with pomegranates. A strange but relatively tasty combination.', b'0'),
(168, 204, 'Bavarian Pretzels', 9, 'https://www.epicurious.com/recipes/food/views/traditional-soft-pretzels', '2020-10-11', 'pretzel.jpg', 'pretzel', 'Certainly the most dangerous recipe I''ve made so far, and absolutely one of the most delicious. Folks, if a German person is ever smug to you about how much better ~real pretzels from Germany~ are, let them be smug. They''re right. These are delicious.', b'1'),
(169, 204, 'Kartoffelklöße', 6, 'https://germanculture.com.ua/main-dishes/kartoffelklose-german-potato-dumplings/', '2020-09-19', 'kartoffelklosse.jpg', 'kartoffelklosse', 'Fine on their own, but better with gravy on top and bratwurst on the side. The bratwurst were, of course, acquired from the Farmer''s Market because I am not the owner of a sausage maker.', b'0'),
(170, 205, 'Light Soup', 13, 'https://www.inammaskitchen.com/ghanaian-chicken-soup-light-soup-recipe/', '2020-11-07', 'lightsoup.jpg', NULL, 'It''s mostly just spicy tomato soup with chicken, but the inclusion of a lil'' bit of ginger really brings out some wild new flavors.', b'0'),
(171, 205, 'Angwa Mo', 10, 'https://ndudu-by-fafa.blogspot.com/2017/04/the-ghanaian-oiled-rice-recipe.html', '2020-11-08', 'angwamo.jpg', NULL, 'Any time a dish makes me go back for seconds, then go back for thirds, and then be disappointed that I didn''t actually make enough to have thirds, is a time that I declare a dish Very Yum. A very flavorful rice.', b'1'),
(173, 206, 'Curried Goat', 4, 'https://www.nationalgeographic.co.uk/travel/2018/10/how-make-it-brian-benjamins-curried-goat-recipe', '2021-09-05', 'gd_curried_goat.jpg', NULL, 'Goat is back and golly does it continue to be a crowd pleaser. If they sold goat in regular grocery stores I might just buy it more often than I buy beef. Not that I buy beef or meat in general very often but like, what I''m trying to say is, goat is good. This curry is good. Highly recommend.', b'0');

CREATE TABLE recipe_diet (
  recipe bigint(20) NOT NULL,
  diet bigint(20) NOT NULL,
  optional bit(1) NOT NULL,
  description varchar(500) NOT NULL
) ENGINE=InnoDB DEFAULT CHARSET=utf8mb4;

INSERT INTO recipe_diet (recipe, diet, optional, description) VALUES
(10, 2, b'0', 'Cheese and yogurt are an integral part of this recipe.'),
(10, 12, b'0', 'Flour is used to make a roux.'),
(11, 2, b'0', 'Butter is an integral part of this recipe, and yogurt, clotted cream, and sour cream are all recommended.'),
(11, 12, b'0', 'Flour is used to make the dough.'),
(13, 2, b'0', 'Various cheeses and butter are integral to this recipe.'),
(13, 12, b'0', 'This recipe uses phyllo dough.'),
(12, 3, b'0', 'You can make this dish without eggs, but then you''re eating an egg dish without eggs.'),
(12, 2, b'1', 'This dish optionally uses feta cheese.'),
(15, 10, b'0', 'This dish is vegan-friendly without any substitutions.'),
(16, 10, b'0', 'This dish is vegan-friendly without any substitutions.'),
(16, 6, b'0', 'This recipe uses almonds.'),
(16, 12, b'0', 'This recipe contains bread for texture.'),
(14, 12, b'0', 'This recipe is bread.'),
(14, 2, b'0', 'The bread must be soaked in milk.'),
(14, 3, b'0', 'You better believe you''re dipping it in eggs, too.'),
(17, 3, b'0', 'Egg yolk is a central part of this recipe.'),
(18, 13, b'0', 'This recipe calls for red palm oil. Please make sure you are buying sustainable palm oil if you make this recipe.'),
(18, 8, b'0', 'It can be a bit spicy due to all the red peppers. You can use less of them or replace with bell peppies and it''ll still be good.'),
(18, 5, b'0', 'Chicken meat is a central ingredient in this recipe, however, the sauce itself is vegan (if you use a vegan boullion) and can be used on non-meat things.'),
(20, 2, b'0', 'BUTTERbread.'),
(20, 12, b'0', 'ButterBREAD.'),
(19, 10, b'0', 'This dish is vegan-friendly without any substitutions.'),
(19, 12, b'0', 'This recipe uses flour to keep the dumplings together. Maybee some other starch would work too, so maybe give it a try if you want!'),
(22, 10, b'0', 'This dish is vegan-friendly without any substitutions.'),
(21, 12, b'0', 'Flour is the main ingredient in the dough.'),
(21, 2, b'0', 'This recipe uses butter and milk. You can replace the milk with water and can probably replace the butter with some other fat.'),
(21, 3, b'0', '                { type: \"Egg\", desc: \"Egg yolk is an ingredient in the dough, and egg is used for an egg wash and optionally for sealing the empanadas.\" }'),
(21, 5, b'0', 'Ground beef is an integral part of the recipe. You can use a vegetarian substitute if you want, or just use something else entirely.'),
(23, 5, b'0', 'This recipe calls for a lot of different kinds of meat.'),
(25, 10, b'0', 'This dish is vegan-friendly without any substitutions.'),
(24, 12, b'0', 'This soup contains both flour and wheat.'),
(24, 2, b'0', 'The primary ingredient in this soup is Greek yogurt.'),
(24, 3, b'1', 'This soup contains egg yolk, but it is an optional ingredient that is not included if serving the soup cold.'),
(27, 5, b'0', 'This recipe calls for ground meat. You can use a vegan substitute or just go all-in on the rice and it''ll be fine. It also calls for chicken broth, but you can use vegetable broth.'),
(27, 3, b'1', 'The linked recipe calls for an egg for binding, but most recipes I''ve found don''t, so you can probably omit it.'),
(27, 6, b'1', 'This recipe uses pine nuts, but they''re optional.'),
(26, 10, b'0', 'This dish is vegan-friendly without any substitutions.'),
(26, 12, b'0', 'Flour is used to make the dough.'),
(29, 5, b'0', 'It''s a hamburger. Canadian bacon is also a topping.'),
(29, 12, b'0', 'The buns contain gluten.'),
(29, 2, b'0', 'Cheese is one of the toppings on this burger.'),
(29, 3, b'0', 'A fried egg is one of the toppings on this burger. Mayonnaise is one of the optional sauces.'),
(28, 5, b'0', 'It''s called a meat pie for a reason, mate.'),
(28, 12, b'0', 'The pie crust uses a lot of flour.'),
(28, 2, b'0', 'The pie crust uses a LOT of butter.'),
(28, 3, b'0', 'An egg wash is applied to the top of the pie before baking.'),
(28, 9, b'0', 'The filling contains Worcestershire Sauce, which often has soy sauce in it.'),
(28, 11, b'1', 'The filling contains Worcestershire Sauce, which can have anchovies in it. I was able to easily find an anchovy-free bottle in a regular grocery store.'),
(30, 5, b'0', 'It ain''t kale goulash.'),
(32, 2, b'0', 'Cheese and butter are the main ingredients of this spread.'),
(31, 12, b'0', 'It''s bread.'),
(31, 2, b'0', 'Butter is an important ingredient in this bread.'),
(31, 3, b'0', 'An egg wash is applied prior to baking.'),
(35, 2, b'0', 'It''s basically watered down yoghurt.'),
(33, 5, b'0', 'The primary ingredient of the filling is beef, and meat broth is used.'),
(33, 12, b'0', 'Flour is used in the dough.'),
(33, 3, b'0', 'Egg is used in the dough.'),
(34, 12, b'0', 'Flour is used in the dough.'),
(34, 2, b'0', 'Butter is used in the dough.'),
(34, 3, b'0', 'Egg is used in the dough.'),
(34, 6, b'0', 'Almond meal is used in the filling.'),
(36, 2, b'0', 'Butter, cheese, and evaporated milk are used in this recipe.'),
(36, 3, b'0', 'Egg is used for keeping things together.'),
(36, 12, b'0', 'Macaroni usually has flour with gluten in it. If you can find/make gluten-free macaroni, then all is well.'),
(36, 8, b'0', 'It can be spicy, but you can adjust how much pepper you want to use.'),
(38, 2, b'0', 'Milk and butter are used in the dough and the sauce.'),
(38, 3, b'0', 'Egg is used in the dough.'),
(38, 12, b'0', 'Flour is used in the dough.'),
(38, 1, b'0', 'Rum or brandy are used in the sauce, but you can substitute with vanilla.'),
(37, 10, b'0', 'This bevvy is vegan-friendly without any substitutions.'),
(40, 12, b'0', 'Vermicelli is usually made with wheat flour.'),
(40, 3, b'0', 'Half of this dish is made with scrambled eggs or an omelette. You can omit this if you just want some sweet noodles.'),
(39, 5, b'0', 'It''s chicken.'),
(39, 2, b'1', 'Butter is added to the rice. You can probably skip this or add a vegan substitute with no issue.'),
(43, 5, b'0', 'Chicken.'),
(43, 2, b'0', 'Butter can be used in the dough, but other types of shortening work, too.'),
(43, 12, b'0', 'Flour is used in the dough.'),
(43, 8, b'0', 'Peppies are used. You can use less spicy peppers, or no peppers at all, if that''s how you want to roll.'),
(46, 10, b'0', 'This dish is vegan-friendly without any substitutions.'),
(46, 8, b'0', 'It''s called Pepper Sauce for a reason, buddy.'),
(45, 10, b'0', 'This dish is vegan-friendly without any substitutions.'),
(45, 12, b'0', 'Flour is used in the dough.'),
(44, 12, b'0', 'Flour is used in the bread dough.'),
(44, 2, b'0', 'It''s a cheese sandwich.'),
(44, 8, b'0', 'The sauce is spicy. You can just not add the pepper sauce, or tone down the pepper like I did.'),
(49, 12, b'0', 'This recipe calls for three different kinds of flour. It''s safe to say there is gluten.'),
(49, 2, b'0', 'Cultured/European-style Butter is used in the dough.'),
(49, 3, b'0', 'Eggs are used in the dough.'),
(49, 4, b'0', 'Orange Blossom Honey is used in the dough.'),
(50, 12, b'0', 'Flour is used in the dough.'),
(50, 2, b'0', 'Butter is used in the dough, and the filling is mostly just milk.'),
(50, 3, b'0', 'Egg is used in the dough and filling.'),
(52, 5, b'0', 'Surprise! This chicken dish has meat in it!'),
(51, 10, b'0', 'This dish is vegan-friendly without any substitutions.'),
(51, 12, b'0', 'Flour is used in the dough.'),
(53, 10, b'0', 'This sauce is vegan-friendly without any substitutions.'),
(55, 10, b'0', 'This dish is vegan-friendly without any substitutions.'),
(55, 7, b'0', 'You can''t make an omelet without breaking a few eggs, and you can''t make a peanut soup without breaking a few peanuts.'),
(54, 2, b'0', 'It''s literally cheese.'),
(58, 5, b'0', 'Beef, beef stock, and gelatin are ingredients in the filling.'),
(58, 12, b'0', 'Flour is used in the dough.'),
(58, 3, b'0', 'Egg is used in the dough.'),
(58, 2, b'0', 'Butter is used in the filling and dough.'),
(59, 13, b'0', 'Cassava must be cooked thoroughly to get rid of all the cyanide.'),
(59, 2, b'0', 'Cheese, butter and milk are used in this recipe.'),
(56, 8, b'0', 'One of the main ingredients is chili peppers. You can use whatever peppers you want (even bell peppers) to get a spiciness amount you are comfortable with.'),
(56, 2, b'0', 'Butter and cheese are used in this dish.'),
(57, 12, b'0', 'Flour is used in the dough.'),
(57, 2, b'0', 'Cheese is used in these cheese dumplings.'),
(47, 10, b'0', 'This dish is vegan-friendly without any substitutions.'),
(48, 5, b'0', 'They''re stuffed with meat. You can put something else in them, though.'),
(48, 3, b'0', 'Egg is used in the dough.'),
(48, 12, b'1', 'Flour is used in the dough, but might not be necessary.'),
(61, 5, b'0', 'The primary ingredient of the filling is beef.'),
(61, 3, b'0', 'Egg is used in the dough.'),
(61, 2, b'0', 'Butter is used in the dough.'),
(60, 12, b'0', 'Flour is used in the dough.'),
(60, 3, b'0', 'Egg is used in the dough.'),
(60, 2, b'0', 'Milk is used in the dough.'),
(63, 10, b'0', 'This dish is vegan-friendly without any substitutions.'),
(62, 5, b'0', 'The primary ingredient of the filling is beef, and meat broth is used.'),
(62, 12, b'0', 'Flour is used in the dough.'),
(62, 8, b'0', 'There''s a wee bit o'' peppie.'),
(67, 5, b'0', 'This is a meaty rice dish.'),
(66, 11, b'0', 'Fish is the main part of this dish. I used chicken instead because the last time I ate fish I had a very bad time, and every time I visit my parents they somehow forget my fish sensitivity and are like \"wait you don''t like fish do you? why not? have you ever tried it?\" Every. damn. year.'),
(66, 12, b'0', 'Flour is used in the breading.'),
(66, 3, b'0', 'Egg is used in the breading.'),
(65, 5, b'0', 'It''s chicken rice.'),
(64, 1, b'0', 'Cachaça is used in the dough. You can omit this and maybe just add a bit of baking powder or something to make the dough extra crunchy.'),
(64, 2, b'0', 'They''re full of cheese. But you can put whatever you want in them to create Pastel de Whatever''s-In-Your-Fridge.'),
(64, 3, b'0', 'Egg is used in the dough.'),
(68, 10, b'0', 'This dish is vegan-friendly without any substitutions.'),
(69, 10, b'0', 'This dish is vegan-friendly without any substitutions.'),
(69, 8, b'0', 'The dipping sauce is made with a lot of peppers.'),
(70, 11, b'0', 'The sambal paste uses shrimp paste as an ingredient.'),
(70, 5, b'0', 'This dish is served with fried chicken, which can be omitted if you just want some rice with sauce.'),
(70, 8, b'0', 'This recipe uses chilli peppers.'),
(71, 6, b'0', 'Walnuts are the main ingredient in this cake''s batter.'),
(71, 2, b'0', 'Butter and heavy whipping cream are used in the ganache frosting.'),
(71, 3, b'0', 'Egg is used in the cake batter and the ganache filling.'),
(72, 5, b'0', 'This recipe calls for ground beef.'),
(72, 2, b'0', 'Milk is used in the custard.'),
(72, 3, b'0', 'Egg is is used in the custard.'),
(74, 5, b'0', 'This recipe calls for lots of beef.'),
(73, 2, b'0', 'This dish is mostly dairy.'),
(75, 12, b'0', 'It''s bread.'),
(75, 3, b'1', 'An egg wash is used before baking, but this is optional.'),
(76, 5, b'0', 'Chicken is a key component to this dish.'),
(76, 12, b'0', 'Bulgur wheat is used in this recipe.'),
(76, 2, b'0', 'Ghee is used to fry everything.'),
(78, 1, b'0', 'Brandy is used in the dough.'),
(78, 3, b'0', 'Egg is used in the dough.'),
(77, 5, b'0', 'The primary ingredient of the filling is ground beef.'),
(77, 1, b'0', 'White wine is used in the filling, but the alcohol is cooked off.'),
(77, 2, b'0', 'Butter is used in the dough and filling.'),
(81, 13, b'0', 'This recipe calls for red palm oil. Please make sure you are buying sustainable palm oil if you make this recipe.'),
(81, 10, b'0', 'This dish is vegan-friendly without any substitutions.'),
(82, 10, b'0', 'This dish is vegan-friendly without any substitutions.'),
(82, 6, b'0', 'This recipe uses almond extract, but you can also just not put that in.'),
(84, 2, b'0', 'Butter is used in the dough and filling.\"'),
(84, 3, b'0', 'Egg is used in the filling.'),
(84, 12, b'0', 'Flour is used in the dough.'),
(83, 5, b'0', 'Meatéd gravy is one of three ingredients in this recipe.'),
(83, 2, b'0', 'Cheddar cheese curds are one of the three ingredients in this recipe, and butter is also used in the gravy.'),
(83, 12, b'1', 'Flour is used in the gravy. You can probably use a gluten-free thickener, though.'),
(86, 10, b'0', 'This dish is vegan-friendly without any substitutions. Milk is an optional ingredient.'),
(86, 7, b'0', 'This is a peanut butter rice dish.'),
(85, 5, b'0', 'They''re meatballs.'),
(85, 8, b'0', 'Chili peppers are used; you can adjust the amount or omit them entirely to your preference.'),
(89, 7, b'0', 'This is a peanut butter rice dish.'),
(89, 2, b'0', 'There''s milk.'),
(87, 5, b'0', 'It''s beef stew.'),
(88, 10, b'0', 'This dish is vegan-friendly without any substitutions.'),
(92, 2, b'0', 'Butter and milk are used in the dough and filling.'),
(92, 3, b'0', 'Egg is used in the dough.'),
(92, 12, b'0', 'Flour is used in the dough.'),
(91, 10, b'0', 'This dish is vegan-friendly without any substitutions.'),
(90, 10, b'0', 'This dish is vegan-friendly without any substitutions.'),
(90, 12, b'1', 'Wheat or barley are used in this recipe, but can be substituted with corn mote or omitted entirely if you don''t want grains in your bevvie.'),
(98, 10, b'0', 'This dish is vegan-friendly without any substitutions.'),
(94, 10, b'0', 'This dish is vegan-friendly without any substitutions.'),
(97, 9, b'0', 'The ingredients in this dish vary, but one of the ingredients that''s pretty much 100% necessary is tofu.'),
(97, 5, b'0', 'And the other 100% necessary ingredient is chicken stock. Fortunately, vegan alternatives to chicken stock exist, which can be used instead. Ham is a common, but optional, ingredient.'),
(97, 11, b'1', 'Shrimp is another common ingredient. But, again, you can just put whatever you want in this soup.'),
(96, 5, b'0', 'It''s chicken.'),
(96, 8, b'0', 'Hunan cuisine is known for being very hot.'),
(96, 1, b'0', 'Shaoxing wine is used to cook the chicken.'),
(96, 7, b'1', 'Peanut oil is a recommended oil to cook this in. You can use lard or some other oil instead, though.'),
(100, 5, b'0', 'It''s pork.'),
(100, 9, b'0', 'The pork is braised in soy sauce.'),
(100, 1, b'0', 'The pork is ALSO braised in wine.'),
(93, 3, b'0', 'Come on.'),
(93, 9, b'0', 'Soy sauce is used to flavor everything.'),
(93, 8, b'1', 'Chilli peppers are an ingredient that you can omit if you don''t want to spice yourself up.'),
(93, 5, b'1', 'Pork is the traditional primary filling. You can just not use pork. Rice works, too.'),
(99, 10, b'0', 'This dish is vegan-friendly without any substitutions.'),
(99, 8, b'0', 'It''s in the name.'),
(99, 9, b'0', 'Soy sauce is used in the seasoning. Deep fried soy beans are a potential ingredient.'),
(99, 7, b'1', 'Roasted peanuts are a potential ingredient, and peanut oil can be used to cook the dish. You can use a different kind of oil without any issues.'),
(95, 5, b'0', 'A primary ingredient of the filling is pork.'),
(95, 9, b'0', 'The filling contains soy sauce and the wrappers are made of soybean.'),
(95, 3, b'0', 'Egg is used in the filling.'),
(95, 11, b'0', 'A primary ingredient of the filling is shrimp.'),
(95, 12, b'0', 'Flour is used in the filling.'),
(80, 5, b'0', 'This is a chicken curry, but you can use fish or pretty much whatever you want that is good in a curry.'),
(80, 8, b'0', 'It IS a curry. One red chilli pepper is used, but you can tone down the spice as desired by using less or picking a not-so-spicy peppie.'),
(80, 11, b'1', 'Fish sauce is used in this dish, but it can be substituted with an anchovy-free Worcestershire sauce to de-fish the dish.'),
(79, 5, b'0', 'This is a steak dish. Chicken broth powder is used in the marinade as well.'),
(79, 11, b'1', 'The beef marinade and the sauce use fish sauce, which can be substituted with an anchovy-free Worcestershire sauce if you don''t do the fish thing.'),
(79, 9, b'1', 'The beef marinade uses soy sauce, which can be substituted with coconut aminos and everything will be A-OK.'),
(103, 5, b'1', 'A potential filling for these is meat.'),
(103, 2, b'0', 'A potential filling for these is cheese.'),
(102, 2, b'0', 'I''m one of those guys who has opinions on hot chocolate. My opinion is \"you gotta use milk, not water.\" The country of Colombia agrees with me. They also add cheese to theirs, so, like, it''s still gonna have dairy in it either way.'),
(101, 2, b'0', 'Lots of cheese is used in the dough, as well as butter and milk.'),
(101, 3, b'0', 'Egg is used in the dough.'),
(101, 12, b'1', 'Flour can be used in the dough, but you can also use corn meal.'),
(104, 2, b'0', 'Ghee is used to help things stick together.'),
(105, 5, b'0', 'You can beef or chicken this dish.'),
(105, 2, b'0', 'Fermented butter is used in this dish.'),
(107, 5, b'0', 'Just make Moabé Tofu if you don''t eat chicken.'),
(107, 8, b'0', 'A wee bit spicy. Not too bad though. Just don''t add the red peppie flakes if you don''t wanty spice up your life.'),
(107, 7, b'0', 'Peanut butter is used in the sauce.'),
(106, 5, b'0', 'Just make Yassa Tofu if you don''t eat chicken.'),
(106, 8, b'0', 'Scotch Bonnet Peppers or cayenne powder are used. Adjust to your taste.'),
(109, 13, b'0', 'This recipe calls for red palm oil. Please make sure you are buying sustainable palm oil if you make this recipe.'),
(109, 5, b'0', 'This recipe calls for a chicken stock cube, but you can use a vegetarian stock like I did without issue.'),
(109, 7, b'0', 'Peanuts are used in this dish.'),
(109, 11, b'0', 'This recipe calls for smoked catfish. If you''re like me and don''t eat that sort of thing, you can omit it.'),
(108, 10, b'0', 'This dish is vegan-friendly without any substitutions.'),
(108, 12, b'0', 'Flour is used in the dough.'),
(111, 3, b'0', 'Mayonnaise is used in the salad.'),
(111, 4, b'0', 'Honey can be used in the dressing.'),
(110, 10, b'0', 'This dish is vegan-friendly without any substitutions.'),
(112, 5, b'0', 'It''s a mince dish. You can substitute with fake beef and/or also skip the bacon. Or just go full potato.'),
(112, 8, b'0', 'Some red peppers are in the recipe, but no one''s judging you if you just use bell peppers.'),
(113, 3, b'0', 'Both the cookies and ice cream call for eggies.'),
(113, 2, b'0', 'Ice cream. You can use a vegan ice cream instead.'),
(113, 12, b'0', 'Graham crackers usually have gluten in them. If you can find/make gluten free ones, go for it!'),
(114, 5, b'0', 'Kedjenou CHICKEN. You can use tofu maybe I dunno. I''m no tofuologist.'),
(114, 8, b'1', 'Habanero is optional don''t worry.'),
(115, 5, b'0', 'It''s got stew beef.'),
(115, 11, b'0', 'Shrimp is used.'),
(115, 8, b'1', 'The Scotch Bonnett pepper is optional don''t worry.'),
(119, 2, b'0', 'Butter is used in puff pastry dough. Cream cheese is used in the filling.'),
(119, 12, b'0', 'Flour is used in puff pastry dough.'),
(119, 3, b'1', 'You can put an egg wash on top, but you don''t have to.'),
(118, 13, b'0', 'Cassava must be cooked thoroughly to remove the cyanide.'),
(118, 10, b'0', 'This dish is vegan-friendly without any substitutions.'),
(117, 12, b'0', 'Flour is used in the dough.'),
(117, 3, b'0', 'Egg is used in the filling.'),
(117, 2, b'0', 'Milk is used in the filling.'),
(117, 1, b'1', 'Rum is used in the filling. This can be omitted.'),
(116, 12, b'0', 'Flour is used in the dough.'),
(116, 6, b'0', 'This is a walnut bread.'),
(116, 3, b'0', 'Egg is used in the dough and filling.'),
(116, 5, b'0', 'Butter and milk are used in the filling and dough.'),
(120, 12, b'0', 'Bread. It uses flour. Sorry.'),
(120, 2, b'0', 'Melk is used in the dough. Oh, yeah, also cheese. It''s a cheese bread. Full of cheese.'),
(121, 10, b'0', 'This dish is vegan-friendly without any substitutions.'),
(121, 12, b'0', 'It''s made of flour and it''s filled with flour.'),
(123, 2, b'1', 'Butter can be used to fry the onions, but you can also use oil. Grated cheese is an optional topping.'),
(123, 5, b'1', 'This uses chicken or beef broth, but you can use a vegetarian broth. Lard can be used to fry the onions.'),
(122, 2, b'0', 'Milk is used in the dough.'),
(122, 3, b'0', 'Egg is used in the dough.'),
(122, 12, b'0', 'Flour is used in the dough.'),
(125, 5, b'0', 'It''s got meatballs.'),
(125, 3, b'0', 'Egg is used to bind the meatballs.'),
(125, 2, b'0', 'Milk is used in meatballs.'),
(125, 12, b'0', 'Flour is used to bind the meatballs and thicken the curry sauce.'),
(125, 8, b'1', 'Could be spicy, depending on the curry powder you use.'),
(124, 12, b'0', 'Flour is used in the dough.'),
(124, 2, b'0', 'Butter is used in the dough.'),
(124, 3, b'0', 'Egg is used in the dough.'),
(124, 6, b'0', 'Almond flour is used in the dough.'),
(127, 10, b'0', 'This dish is vegan-friendly without any substitutions.'),
(127, 12, b'0', 'It''s bread.'),
(126, 5, b'0', 'It''s meaty rice.'),
(129, 10, b'0', 'This dish is vegan-friendly without any substitutions.'),
(129, 8, b'1', 'It''s got scotch bonnet or habanero peppie in it, but you can also just not do that.'),
(128, 2, b'0', 'Butter and milk are used in the dough.'),
(128, 12, b'0', 'Flour is used in the dough.'),
(132, 2, b'0', 'They got cheese, milk, and butter in the sauce. Butter is also used in the dough.'),
(132, 12, b'0', 'Flour is used in the dough.'),
(131, 12, b'0', 'Bulghur wheat is used in the dough.'),
(131, 10, b'1', 'Ground beef is the main filling, but you can replace it with like chickpeas or something. There''s a link to a vegan baked version in the linked recipe.'),
(130, 2, b'0', 'Half of the beberage is evaporated milk.'),
(139, 2, b'0', 'Milk and corn. Milk substitutes probably work fine, too. The star of the show is the corn, after all.'),
(140, 2, b'0', 'Cheese is used in the dough.'),
(140, 3, b'0', 'Egg is used in the dough.'),
(138, 2, b'0', 'Extremely full of cheese. You could put beans inside instead. There''s no wrong way to fill a pupusa.'),
(142, 2, b'0', 'Milk is used to cream things up.'),
(143, 10, b'0', 'This beberage is vegan-friendly without any substitutions.'),
(141, 10, b'0', 'This dish is vegan-friendly without any substitutions.'),
(141, 7, b'0', 'This thing is pretty much entirely peanuts.'),
(145, 5, b'0', 'It''s meat.'),
(145, 2, b'0', 'Clarified Butter is used to cook the meat.'),
(145, 8, b'0', 'Berbere is spicy!'),
(144, 12, b'0', 'It''s pasta, but you can use gluten-free noodles.'),
(144, 8, b'0', 'Berbere is spicy!'),
(144, 10, b'0', 'This version of the recipe is vegan if you don''t top it with parmesan cheese.'),
(144, 2, b'1', 'Parmesan cheese is technically optional.'),
(146, 2, b'0', 'Ingredient One: Cottage Cheese.'),
(146, 5, b'0', 'Ingredient Two: Chicken.'),
(146, 12, b'1', 'Bread crumbs are used, but you can use some gluten-free ones.'),
(147, 2, b'0', 'It''s mostly cheese.'),
(148, 2, b'0', 'Milk, sour cream, and butter are used in the dough.'),
(148, 3, b'0', 'Egg is used in the dough.'),
(148, 12, b'0', 'Flour is used in the dough.'),
(149, 10, b'0', 'This dish is vegan-friendly without any substitutions.'),
(149, 7, b'0', 'This salad is topped with peanuts.'),
(152, 5, b'0', 'It''s chicken stew.'),
(152, 2, b'0', 'Butter is used heavily.'),
(152, 3, b'0', 'Hard-boiled eggs are added to the stew.'),
(152, 4, b'0', 'Honey Wine is used to cook everything.'),
(152, 1, b'0', 'Honey Wine is used to cook everything.'),
(152, 8, b'0', 'Berbere is spicy!'),
(153, 10, b'0', 'This dish is vegan-friendly without any substitutions.'),
(150, 2, b'0', 'It''s full of butter and topped with yoghurt.'),
(150, 8, b'0', 'Berbere is spicy!'),
(151, 2, b'0', 'It''s literally butter.'),
(151, 8, b'0', 'Berbere is spicy!'),
(156, 13, b'0', 'Be sure to thoroughly cook the cassava so you don''t get cyanide poisoning!'),
(156, 2, b'0', 'Condensed milk is used in the mixture and as a topping.'),
(154, 5, b'0', 'The mutton isn''t actually made of corn.'),
(154, 8, b'0', 'Might be a bit hot depending on your spice tolerance. Adjust the spicy ingredients as needed.'),
(155, 13, b'0', 'This beverage has side effects, and may be illegal in your country.'),
(155, 10, b'0', 'This beverage is vegan-friendly without any substitutions.'),
(158, 12, b'0', 'Flour is the second most important ingredient after potato.'),
(158, 2, b'0', 'Butter and milk are also used.'),
(157, 12, b'0', 'Rye flour is used in the dough.'),
(157, 2, b'0', 'Dairy is used in the filling and spread.'),
(157, 3, b'0', 'Egg is used in the filling and spread.'),
(160, 5, b'0', 'It''s beefy as hell.'),
(160, 1, b'0', 'Lotta wine in this.'),
(160, 12, b'0', 'Flour is used to thicken things.'),
(160, 2, b'0', 'Butter is used to fry some onions.'),
(161, 12, b'0', 'Flour is used in the dough.'),
(161, 2, b'0', 'Butter is used in the dough.'),
(161, 3, b'0', 'An egg wash is used to help with browning.'),
(159, 1, b'0', 'Lotta wine in this soup.'),
(159, 12, b'0', 'Flour is used to thicken things. Baguettes/croutons are used.'),
(159, 2, b'0', 'Butter is used to caramelize some onions. It''s topped with chesse.'),
(159, 5, b'1', 'It uses beef stock, but you could use a veggie stock.'),
(162, 13, b'1', 'This recipe calls for palm oil. Please make sure you are buying sustainable palm oil if you make this recipe, or just use another kind of oil.'),
(162, 5, b'0', '\"Boeuf\" means \"beef.\"'),
(162, 11, b'0', 'Dried shrimp is an ingredient.'),
(162, 8, b'1', 'Cayenne is used, but you can adjust to taste.'),
(163, 10, b'0', 'This dish is vegan-friendly without any substitutions.'),
(164, 5, b'0', 'This is basically just grilled meat and onions.'),
(164, 8, b'0', 'This recipe calls for a bit of cayenne pepper.'),
(165, 10, b'0', 'This dish is vegan-friendly without any substitutions.'),
(165, 12, b'0', 'It''s bread.'),
(168, 13, b'0', 'This recipe uses lye, which can cause chemical burns and permanent injuries if not handled carefully. It is recommended to use a baking soda solution instead if you''re worried about that.'),
(168, 1, b'0', 'Beer is used in the dough.'),
(168, 2, b'0', 'Butter is used in the dough.'),
(168, 12, b'0', 'Flour is used in the dough.'),
(169, 2, b'0', 'Butter is used in the dough.'),
(169, 3, b'0', 'Egg is used in the dough.'),
(169, 12, b'0', 'Flour and bread are used in the dough.'),
(171, 5, b'0', 'Salted beef is a primary ingredient. If you can''t find that, something like prosciutto is probably a good enough substitute.'),
(171, 8, b'0', 'A bit of peppie is used for some background heat.'),
(170, 5, b'0', 'It has chicken in it, but you can just not add chicken. It''s allowed.'),
(170, 8, b'0', 'Some peppie is blended into the soup.'),
(173, 5, b'0', 'Curried what? Curried goat!'),
(173, 2, b'0', 'Butter is used for cooking things.'),
(166, 12, b'0', 'It''s a bread boat full of cheese.'),
(166, 2, b'0', 'It''s a bread boat full of cheese.'),
(166, 3, b'0', 'The boat has an egg on top.'),
(167, 10, b'0', 'This dish is vegan-friendly without any substitutions.'),
(167, 6, b'0', 'These bad boys are full of walnuts.'),
(167, 8, b'1', 'There''s a wee bit of red peppies in here.'),
(136, 5, b'0', 'They''re full of meat.'),
(136, 8, b'0', 'They''re spicy. Just don''t put the spicy in if you don''t want to.'),
(136, 12, b'0', 'Pita bread is usually glutinous.'),
(136, 2, b'1', 'Ghee or melted butter can be brushed inside the pita. Or you can just use olive oil.'),
(137, 2, b'0', 'There''s a lot of milk and cream in this.'),
(137, 12, b'0', 'It''s a bread pudding.'),
(137, 6, b'1', 'Hazelnuts and pistachios are optional toppings.'),
(135, 2, b'0', 'Heavy cream is used in the dough.'),
(135, 3, b'0', 'Egg is used in the dough.'),
(133, 2, b'0', 'These are stuffed with cheese.'),
(133, 12, b'1', 'Flour can be added to keep things stuck together, but you can also use a gluten-free starch for binding, or none at all!'),
(134, 7, b'0', 'Peanut sauce. Come on. Don''t make this if you have a peanut allergy. You can''t sue me, it won''t work.'),
(134, 2, b'0', 'Milk is used in the sauce, and butter can be used to cook the onions. You can use coconut milk or something, it''ll be fine.'),
(134, 3, b'1', 'You can put a hard-boiled egg in it if you want to.'),
(134, 8, b'0', 'You can add a hot pepper if you want to.'),
(5, 5, b'0', 'Meat is a recommended filling for this recipe. I used a vegan ground beef substitute without issue.'),
(5, 12, b'0', 'This dish contains flatbread.'),
(5, 3, b'0', 'Hard-boiled eggs are a recommended filling for this recipe, but I did not add any to mine.'),
(4, 5, b'0', 'Lamb or ground beef is an integral part of the recipe. I used a vegan ground beef substitute without issue.'),
(4, 2, b'1', 'The yogurt dip unsurprisingly contains yogurt. The dumplings themselves have no dairy in them, so you can use a different dairy-free dip if you''d like.'),
(4, 12, b'0', 'Flour is used to make the dough.'),
(42, 2, b'0', 'These things are almost entirely made of milk. If you don''t eat dairy, this recipe is definitely not for you.'),
(42, 12, b'1', 'Flour is an optional binding agent.'),
(41, 2, b'0', 'This dish contains paneer cheese.'),
(41, 12, b'0', 'Wheat flour is used to make the dough.'),
(1, 2, b'0', 'Milk is an integral part of this recipe. You can probably use a vegan milk alternative.'),
(1, 12, b'0', 'Flour is used to make the dough.'),
(2, 8, b'0', 'It''s spicy. I only used one habanero in my recipe, so you can make it mild if your spice tolerance is as low as mine.'),
(2, 10, b'0', 'This dish is vegan-friendly without any substitutions.');

CREATE TABLE recipe_ingredient (
  recipe bigint(20) NOT NULL,
  ingredient bigint(20) NOT NULL
) ENGINE=InnoDB DEFAULT CHARSET=utf8mb4;

INSERT INTO recipe_ingredient (recipe, ingredient) VALUES
(10, 8),
(10, 6),
(10, 27),
(10, 7),
(10, 28),
(10, 1),
(10, 5),
(10, 29),
(10, 30),
(10, 31),
(10, 18),
(11, 1),
(11, 5),
(11, 18),
(11, 29),
(11, 30),
(13, 32),
(13, 5),
(13, 33),
(13, 34),
(13, 35),
(12, 25),
(12, 27),
(12, 7),
(12, 24),
(12, 10),
(12, 6),
(12, 8),
(12, 36),
(12, 18),
(15, 37),
(15, 18),
(16, 8),
(16, 18),
(16, 38),
(16, 39),
(16, 40),
(16, 10),
(14, 38),
(14, 2),
(14, 35),
(14, 41),
(14, 25),
(14, 18),
(17, 42),
(17, 25),
(17, 35),
(17, 43),
(17, 41),
(18, 44),
(18, 45),
(18, 46),
(18, 10),
(18, 233),
(18, 65),
(18, 49),
(18, 50),
(18, 7),
(18, 6),
(18, 17),
(18, 51),
(20, 5),
(20, 52),
(20, 1),
(20, 53),
(20, 50),
(19, 42),
(19, 54),
(19, 35),
(19, 41),
(19, 55),
(19, 56),
(19, 1),
(19, 57),
(22, 62),
(22, 63),
(22, 10),
(22, 64),
(22, 65),
(22, 50),
(23, 66),
(23, 6),
(23, 10),
(23, 67),
(23, 68),
(23, 69),
(23, 14),
(23, 70),
(23, 71),
(23, 36),
(23, 46),
(23, 54),
(23, 72),
(23, 4),
(23, 37),
(25, 73),
(25, 6),
(25, 17),
(25, 74),
(25, 37),
(25, 75),
(25, 45),
(24, 76),
(24, 77),
(24, 78),
(24, 30),
(24, 29),
(24, 79),
(24, 1),
(24, 5),
(24, 6),
(24, 19),
(24, 75),
(27, 15),
(27, 80),
(27, 50),
(27, 81),
(27, 82),
(27, 36),
(27, 41),
(27, 63),
(27, 19),
(27, 25),
(27, 83),
(27, 8),
(26, 1),
(26, 84),
(26, 24),
(26, 13),
(26, 75),
(26, 31),
(26, 19),
(26, 85),
(26, 37),
(29, 86),
(29, 6),
(29, 50),
(29, 7),
(29, 87),
(29, 88),
(29, 89),
(29, 90),
(29, 91),
(29, 92),
(29, 93),
(29, 94),
(29, 95),
(28, 50),
(28, 6),
(28, 86),
(28, 96),
(28, 97),
(28, 17),
(28, 98),
(28, 99),
(28, 1),
(28, 5),
(28, 25),
(30, 14),
(30, 50),
(30, 6),
(30, 100),
(30, 46),
(30, 233),
(30, 101),
(30, 102),
(30, 103),
(30, 17),
(30, 10),
(30, 51),
(30, 35),
(30, 104),
(32, 105),
(32, 5),
(32, 6),
(32, 10),
(32, 106),
(32, 46),
(32, 100),
(32, 107),
(32, 108),
(31, 53),
(31, 1),
(31, 5),
(31, 25),
(35, 20),
(35, 21),
(35, 19),
(35, 2),
(33, 1),
(33, 25),
(33, 14),
(33, 15),
(33, 6),
(33, 109),
(33, 19),
(33, 110),
(34, 1),
(34, 5),
(34, 25),
(34, 111),
(34, 39),
(34, 35),
(34, 112),
(36, 113),
(36, 5),
(36, 89),
(36, 8),
(36, 6),
(36, 25),
(36, 46),
(36, 296),
(36, 115),
(36, 116),
(38, 117),
(38, 35),
(38, 41),
(38, 74),
(38, 1),
(38, 118),
(38, 119),
(38, 2),
(38, 25),
(38, 5),
(38, 120),
(38, 121),
(37, 35),
(37, 45),
(37, 122),
(37, 123),
(40, 124),
(40, 25),
(40, 125),
(40, 112),
(40, 35),
(40, 18),
(39, 126),
(39, 7),
(39, 44),
(39, 6),
(39, 13),
(39, 24),
(39, 128),
(39, 129),
(39, 109),
(39, 41),
(39, 36),
(39, 112),
(39, 10),
(39, 130),
(39, 5),
(39, 131),
(39, 132),
(43, 1),
(43, 119),
(43, 5),
(43, 44),
(43, 75),
(43, 102),
(43, 143),
(43, 6),
(43, 10),
(43, 145),
(43, 115),
(43, 4),
(46, 145),
(46, 115),
(46, 6),
(46, 109),
(46, 91),
(46, 110),
(46, 146),
(45, 1),
(45, 35),
(45, 147),
(45, 53),
(44, 1),
(44, 35),
(44, 147),
(44, 53),
(44, 145),
(44, 115),
(44, 6),
(44, 109),
(44, 91),
(44, 110),
(44, 146),
(44, 89),
(49, 149),
(49, 53),
(49, 25),
(49, 150),
(49, 151),
(49, 152),
(49, 153),
(49, 154),
(49, 155),
(49, 56),
(49, 5),
(49, 157),
(49, 146),
(50, 2),
(50, 158),
(50, 35),
(50, 25),
(50, 56),
(50, 1),
(50, 53),
(50, 5),
(52, 159),
(52, 43),
(52, 74),
(52, 63),
(52, 36),
(52, 41),
(52, 10),
(52, 161),
(52, 110),
(52, 162),
(52, 163),
(52, 164),
(52, 165),
(51, 1),
(51, 118),
(51, 119),
(51, 18),
(53, 159),
(53, 43),
(53, 74),
(53, 63),
(53, 36),
(53, 41),
(53, 10),
(53, 161),
(53, 110),
(55, 166),
(55, 167),
(55, 130),
(55, 6),
(55, 37),
(55, 168),
(55, 169),
(55, 170),
(55, 10),
(55, 109),
(55, 54),
(55, 7),
(55, 171),
(55, 279),
(55, 173),
(55, 24),
(54, 174),
(54, 175),
(54, 7),
(54, 145),
(54, 115),
(54, 10),
(54, 6),
(58, 14),
(58, 177),
(58, 178),
(58, 5),
(58, 109),
(58, 159),
(58, 6),
(58, 4),
(58, 179),
(58, 75),
(58, 35),
(58, 36),
(58, 63),
(58, 1),
(58, 25),
(58, 180),
(59, 181),
(59, 33),
(59, 176),
(59, 5),
(59, 2),
(56, 115),
(56, 6),
(56, 7),
(56, 10),
(56, 5),
(56, 176),
(56, 158),
(57, 1),
(57, 176),
(57, 26),
(57, 6),
(57, 10),
(57, 115),
(57, 13),
(57, 24),
(47, 4),
(47, 6),
(48, 4),
(48, 6),
(48, 1),
(48, 44),
(48, 14),
(48, 25),
(61, 6),
(61, 10),
(61, 14),
(61, 75),
(61, 46),
(61, 32),
(61, 5),
(61, 183),
(61, 25),
(60, 2),
(60, 53),
(60, 25),
(60, 35),
(60, 1),
(60, 56),
(60, 184),
(63, 185),
(63, 186),
(62, 1),
(62, 53),
(62, 35),
(62, 6),
(62, 115),
(62, 10),
(62, 14),
(62, 187),
(62, 7),
(62, 97),
(62, 4),
(62, 188),
(62, 13),
(62, 24),
(62, 179),
(67, 14),
(67, 158),
(67, 6),
(67, 69),
(67, 8),
(67, 75),
(67, 10),
(67, 18),
(66, 189),
(66, 190),
(66, 50),
(66, 6),
(66, 7),
(66, 10),
(66, 51),
(66, 64),
(66, 1),
(66, 186),
(66, 25),
(66, 168),
(66, 37),
(66, 75),
(65, 44),
(65, 103),
(65, 45),
(65, 18),
(65, 168),
(65, 37),
(65, 10),
(65, 126),
(65, 7),
(65, 8),
(65, 179),
(65, 125),
(65, 75),
(65, 24),
(64, 1),
(64, 25),
(64, 147),
(64, 191),
(64, 191),
(64, 176),
(68, 192),
(69, 193),
(69, 194),
(69, 195),
(69, 115),
(69, 10),
(69, 130),
(69, 110),
(71, 25),
(71, 5),
(71, 196),
(71, 146),
(71, 197),
(71, 198),
(72, 4),
(72, 86),
(72, 6),
(72, 25),
(72, 2),
(72, 46),
(74, 199),
(74, 14),
(74, 6),
(74, 7),
(74, 10),
(74, 200),
(74, 201),
(73, 202),
(73, 203),
(73, 204),
(73, 205),
(73, 206),
(73, 20),
(73, 21),
(73, 207),
(73, 35),
(73, 56),
(73, 55),
(73, 208),
(73, 131),
(75, 1),
(75, 53),
(75, 35),
(75, 209),
(75, 147),
(75, 25),
(76, 73),
(76, 44),
(76, 6),
(76, 109),
(76, 35),
(76, 133),
(78, 210),
(78, 211),
(78, 25),
(78, 3),
(78, 50),
(78, 212),
(78, 121),
(77, 86),
(77, 112),
(77, 36),
(77, 109),
(77, 5),
(77, 6),
(77, 10),
(77, 213),
(77, 214),
(77, 32),
(81, 66),
(81, 186),
(81, 84),
(81, 49),
(82, 158),
(82, 53),
(82, 218),
(82, 213),
(82, 35),
(82, 112),
(82, 55),
(82, 228),
(82, 146),
(82, 56),
(84, 1),
(84, 146),
(84, 119),
(84, 5),
(84, 229),
(84, 25),
(84, 56),
(84, 57),
(83, 96),
(83, 5),
(83, 1),
(83, 201),
(83, 103),
(83, 4),
(83, 230),
(86, 166),
(86, 158),
(86, 231),
(86, 131),
(85, 86),
(85, 232),
(85, 6),
(85, 10),
(85, 7),
(85, 115),
(85, 75),
(89, 158),
(89, 2),
(89, 166),
(89, 203),
(89, 35),
(89, 45),
(87, 14),
(87, 6),
(87, 10),
(87, 233),
(87, 115),
(87, 43),
(87, 138),
(87, 234),
(87, 235),
(87, 67),
(87, 54),
(88, 236),
(88, 35),
(88, 130),
(88, 41),
(88, 43),
(92, 2),
(92, 1),
(92, 53),
(92, 35),
(92, 5),
(92, 25),
(92, 3),
(92, 56),
(91, 7),
(91, 6),
(91, 189),
(91, 24),
(91, 13),
(91, 50),
(90, 237),
(90, 35),
(90, 41),
(90, 238),
(90, 239),
(90, 240),
(98, 54),
(98, 35),
(98, 18),
(94, 218),
(94, 241),
(94, 35),
(94, 242),
(94, 132),
(97, 256),
(97, 44),
(97, 257),
(97, 258),
(97, 245),
(97, 259),
(97, 130),
(96, 44),
(96, 249),
(96, 130),
(96, 37),
(96, 115),
(96, 250),
(96, 251),
(96, 252),
(96, 253),
(96, 96),
(96, 254),
(96, 255),
(100, 260),
(100, 168),
(100, 37),
(100, 130),
(100, 223),
(100, 261),
(100, 251),
(100, 262),
(100, 146),
(93, 25),
(93, 130),
(93, 10),
(93, 37),
(93, 223),
(93, 115),
(93, 35),
(93, 243),
(99, 263),
(99, 37),
(99, 283),
(99, 13),
(99, 24),
(99, 265),
(99, 266),
(99, 267),
(99, 10),
(99, 253),
(99, 248),
(99, 268),
(99, 110),
(99, 223),
(99, 254),
(95, 244),
(95, 243),
(95, 245),
(95, 246),
(95, 25),
(95, 10),
(95, 216),
(95, 223),
(95, 1),
(95, 247),
(95, 248),
(80, 215),
(80, 19),
(80, 130),
(80, 216),
(80, 10),
(80, 217),
(80, 109),
(80, 218),
(80, 219),
(80, 44),
(80, 220),
(80, 221),
(80, 158),
(79, 14),
(79, 168),
(79, 222),
(79, 223),
(79, 10),
(79, 220),
(79, 224),
(79, 115),
(79, 35),
(79, 147),
(79, 225),
(79, 195),
(79, 46),
(79, 226),
(79, 87),
(79, 7),
(79, 158),
(103, 269),
(103, 181),
(103, 33),
(103, 10),
(103, 8),
(103, 6),
(103, 168),
(103, 37),
(103, 36),
(103, 17),
(103, 86),
(102, 2),
(102, 270),
(102, 271),
(102, 146),
(102, 41),
(102, 272),
(101, 210),
(101, 273),
(101, 274),
(101, 194),
(101, 186),
(101, 1),
(101, 118),
(101, 35),
(101, 275),
(101, 27),
(101, 5),
(101, 25),
(101, 2),
(104, 158),
(104, 276),
(104, 133),
(104, 112),
(104, 277),
(105, 44),
(105, 14),
(105, 278),
(105, 6),
(105, 17),
(105, 109),
(105, 36),
(105, 43),
(105, 112),
(105, 126),
(107, 44),
(107, 6),
(107, 10),
(107, 17),
(107, 130),
(107, 7),
(107, 65),
(107, 166),
(107, 255),
(106, 44),
(106, 45),
(106, 6),
(106, 10),
(106, 51),
(106, 279),
(106, 200),
(106, 106),
(106, 145),
(106, 115),
(106, 280),
(106, 249),
(109, 84),
(109, 6),
(109, 10),
(109, 37),
(109, 7),
(109, 249),
(109, 281),
(109, 282),
(109, 283),
(108, 1),
(108, 53),
(108, 35),
(108, 56),
(108, 147),
(108, 284),
(111, 285),
(111, 92),
(111, 187),
(111, 110),
(111, 6),
(111, 286),
(111, 91),
(111, 115),
(110, 287),
(110, 285),
(110, 242),
(112, 4),
(112, 14),
(112, 68),
(112, 6),
(112, 115),
(112, 24),
(112, 10),
(112, 63),
(112, 288),
(113, 289),
(113, 5),
(113, 25),
(113, 290),
(113, 35),
(113, 291),
(113, 292),
(113, 2),
(113, 56),
(114, 44),
(114, 6),
(114, 10),
(114, 7),
(114, 130),
(114, 293),
(114, 294),
(114, 102),
(114, 51),
(114, 171),
(114, 295),
(114, 296),
(114, 115),
(115, 297),
(115, 245),
(115, 158),
(115, 222),
(115, 138),
(115, 6),
(115, 10),
(115, 26),
(115, 298),
(115, 145),
(115, 115),
(119, 303),
(119, 1),
(119, 5),
(119, 117),
(119, 206),
(118, 269),
(118, 181),
(118, 10),
(118, 226),
(118, 131),
(118, 50),
(118, 6),
(117, 1),
(117, 25),
(117, 35),
(117, 300),
(117, 301),
(117, 292),
(117, 56),
(117, 2),
(117, 120),
(117, 302),
(116, 53),
(116, 2),
(116, 35),
(116, 119),
(116, 25),
(116, 1),
(116, 146),
(116, 5),
(116, 56),
(116, 45),
(116, 198),
(120, 1),
(120, 2),
(120, 53),
(120, 35),
(120, 304),
(120, 19),
(120, 6),
(120, 305),
(120, 183),
(121, 1),
(121, 306),
(121, 35),
(121, 307),
(121, 308),
(121, 276),
(123, 5),
(123, 309),
(123, 6),
(123, 10),
(123, 310),
(123, 178),
(123, 4),
(123, 101),
(123, 100),
(123, 311),
(123, 75),
(123, 312),
(122, 1),
(122, 2),
(122, 25),
(122, 53),
(122, 35),
(125, 243),
(125, 6),
(125, 25),
(125, 2),
(125, 1),
(125, 187),
(125, 313),
(124, 56),
(124, 35),
(124, 5),
(124, 1),
(124, 314),
(127, 315),
(127, 316),
(127, 317),
(127, 53),
(127, 318),
(127, 1),
(127, 35),
(126, 15),
(126, 14),
(126, 44),
(126, 190),
(126, 158),
(126, 7),
(126, 17),
(126, 319),
(126, 6),
(126, 10),
(126, 139),
(126, 36),
(126, 112),
(126, 41),
(126, 24),
(129, 320),
(129, 84),
(129, 54),
(129, 72),
(129, 6),
(129, 10),
(129, 102),
(129, 145),
(129, 296),
(129, 115),
(129, 168),
(129, 321),
(129, 167),
(129, 218),
(128, 186),
(128, 118),
(128, 2),
(128, 1),
(128, 5),
(128, 146),
(132, 89),
(132, 8),
(132, 5),
(132, 2),
(132, 1),
(132, 75),
(131, 73),
(131, 323),
(131, 86),
(131, 8),
(131, 31),
(131, 6),
(131, 222),
(131, 57),
(130, 161),
(130, 116),
(130, 35),
(130, 56),
(130, 324),
(139, 66),
(139, 2),
(139, 41),
(139, 35),
(140, 181),
(140, 269),
(140, 25),
(140, 118),
(140, 176),
(140, 334),
(140, 41),
(140, 43),
(138, 26),
(138, 165),
(138, 6),
(138, 138),
(138, 63),
(138, 65),
(138, 335),
(138, 336),
(138, 33),
(138, 292),
(138, 168),
(142, 337),
(142, 130),
(142, 35),
(142, 2),
(143, 35),
(143, 130),
(143, 53),
(143, 131),
(141, 283),
(141, 45),
(141, 35),
(145, 338),
(145, 133),
(145, 6),
(145, 173),
(145, 339),
(145, 326),
(145, 130),
(145, 10),
(144, 6),
(144, 10),
(144, 7),
(144, 173),
(144, 233),
(144, 45),
(144, 340),
(144, 341),
(144, 342),
(144, 343),
(146, 44),
(146, 344),
(146, 6),
(146, 10),
(146, 25),
(146, 345),
(146, 232),
(146, 346),
(146, 183),
(146, 347),
(147, 230),
(147, 5),
(147, 349),
(147, 56),
(147, 35),
(147, 350),
(148, 66),
(148, 1),
(148, 186),
(148, 118),
(148, 3),
(148, 35),
(148, 351),
(148, 2),
(148, 25),
(148, 31),
(148, 171),
(148, 5),
(149, 131),
(149, 130),
(149, 353),
(149, 283),
(149, 354),
(152, 44),
(152, 131),
(152, 355),
(152, 5),
(152, 50),
(152, 6),
(152, 10),
(152, 130),
(152, 173),
(152, 356),
(152, 214),
(152, 286),
(152, 249),
(152, 25),
(153, 316),
(150, 316),
(150, 173),
(150, 355),
(150, 30),
(151, 5),
(151, 6),
(151, 10),
(151, 130),
(151, 112),
(151, 41),
(151, 43),
(151, 357),
(151, 109),
(156, 181),
(156, 269),
(156, 213),
(156, 35),
(156, 358),
(154, 4),
(154, 359),
(154, 6),
(154, 360),
(154, 10),
(154, 130),
(154, 109),
(154, 141),
(154, 139),
(154, 361),
(154, 36),
(154, 357),
(155, 362),
(158, 4),
(158, 1),
(158, 2),
(158, 5),
(158, 55),
(158, 363),
(160, 68),
(160, 14),
(160, 138),
(160, 6),
(160, 1),
(160, 364),
(160, 97),
(160, 17),
(160, 10),
(160, 102),
(160, 51),
(160, 365),
(160, 5),
(160, 75),
(160, 257),
(161, 1),
(161, 5),
(161, 25),
(161, 53),
(161, 135),
(159, 6),
(159, 5),
(159, 366),
(159, 201),
(159, 102),
(159, 51),
(159, 367),
(159, 10),
(159, 368),
(163, 369),
(163, 7),
(163, 370),
(163, 75),
(163, 19),
(163, 50),
(163, 45),
(163, 36),
(164, 371),
(164, 14),
(164, 6),
(164, 233),
(164, 115),
(164, 372),
(164, 373),
(164, 374),
(164, 279),
(165, 1),
(165, 337),
(165, 185),
(165, 375),
(165, 53),
(168, 53),
(168, 385),
(168, 386),
(168, 387),
(168, 5),
(168, 388),
(168, 3),
(169, 5),
(169, 38),
(169, 1),
(169, 4),
(169, 25),
(169, 55),
(169, 389),
(171, 18),
(171, 126),
(171, 390),
(171, 115),
(171, 6),
(170, 7),
(170, 6),
(170, 44),
(170, 17),
(170, 51),
(170, 10),
(170, 145),
(170, 115),
(170, 130),
(170, 200),
(173, 18),
(173, 5),
(173, 6),
(173, 10),
(173, 392),
(173, 43),
(173, 112),
(173, 109),
(173, 36),
(173, 130),
(173, 339),
(173, 393),
(173, 51),
(173, 242),
(173, 371),
(173, 394),
(25, 323),
(76, 73),
(150, 29),
(166, 1),
(166, 53),
(166, 35),
(166, 2),
(166, 18),
(166, 376),
(166, 27),
(166, 377),
(166, 378),
(166, 33),
(166, 5),
(166, 25),
(167, 379),
(167, 10),
(167, 198),
(167, 380),
(167, 381),
(167, 357),
(167, 12),
(167, 383),
(167, 233),
(167, 115),
(167, 384),
(167, 24),
(167, 6),
(167, 435),
(136, 1),
(136, 18),
(136, 7),
(136, 8),
(136, 6),
(136, 86),
(136, 326),
(136, 74),
(136, 327),
(136, 328),
(136, 46),
(136, 115),
(136, 435),
(137, 329),
(137, 2),
(137, 35),
(137, 330),
(137, 331),
(137, 332),
(137, 57),
(137, 213),
(135, 66),
(135, 33),
(135, 325),
(135, 6),
(135, 10),
(135, 186),
(135, 292),
(135, 25),
(135, 435),
(133, 4),
(133, 6),
(133, 288),
(133, 36),
(133, 33),
(133, 176),
(133, 275),
(134, 166),
(134, 2),
(134, 6),
(134, 36),
(134, 288),
(134, 255),
(134, 5),
(134, 24),
(134, 115),
(134, 25),
(5, 22),
(5, 23),
(5, 4),
(5, 24),
(5, 14),
(5, 25),
(5, 6),
(5, 26),
(4, 6),
(4, 14),
(4, 15),
(4, 10),
(4, 16),
(4, 17),
(4, 18),
(4, 19),
(4, 20),
(4, 21),
(4, 435),
(42, 2),
(42, 133),
(42, 112),
(42, 125),
(42, 134),
(42, 135),
(42, 1),
(42, 42),
(41, 136),
(41, 6),
(41, 115),
(41, 137),
(41, 8),
(41, 138),
(41, 109),
(41, 139),
(41, 36),
(41, 140),
(41, 141),
(41, 142),
(41, 435),
(1, 5),
(1, 6),
(1, 1),
(1, 3),
(1, 2),
(1, 4),
(2, 8),
(2, 7),
(2, 115),
(2, 10),
(2, 12),
(2, 11),
(2, 435),
(5, 13),
(12, 13),
(55, 13),
(65, 13),
(112, 13),
(126, 13),
(134, 13),
(167, 13);

CREATE TABLE seasoning (
  id bigint(20) NOT NULL,
  name varchar(50) NOT NULL,
  origin varchar(100) NOT NULL,
  description text NOT NULL,
  emoji varchar(8) NOT NULL,
  type int(11) NOT NULL,
  species varchar(100) NOT NULL,
  imagedesc varchar(200) NOT NULL,
  imagename varchar(200) NOT NULL,
  imageauthor varchar(200) NOT NULL,
  imageurl varchar(500) NOT NULL,
  authorurl varchar(500) NOT NULL,
  license bigint(20) NOT NULL
) ENGINE=InnoDB DEFAULT CHARSET=utf8mb4;

INSERT INTO seasoning (id, name, origin, description, emoji, type, species, imagedesc, imagename, imageauthor, imageurl, authorurl, license) VALUES
(33, 'Allspice', 'Caribbean', 'These dried fruits are an important ingredient in Caribbean cuisine.', '1F347', 1, 'Pimenta dioica', 'Allspice berries', 'Allspice Bowl', 'Jonathunder', 'https://commons.wikimedia.org/wiki/File:AllspiceBowl.JPG', 'https://commons.wikimedia.org/wiki/User:Jonathunder', 2),
(34, 'Amchoor', 'South Asian', 'Unripe green mangoes dried and ground up.', '1F96D', 1, 'Mangifera indica', 'Dried mangos, prior to being ground up', 'Dried Mango Slices', 'Miansari66', 'https://commons.wikimedia.org/wiki/File:Dried_Mango_Slices.JPG', 'https://commons.wikimedia.org/wiki/User:Miansari66', 9),
(35, 'Basil', 'Mediterranean', 'The leaves of a plant belonging to the mint family. Can be served fresh or dried.', '1F33F', 0, 'Ocimum basilicum', 'Genovese basil leaves', 'Basilico Genovese di Prà-2', 'Twice25', 'https://commons.wikimedia.org/wiki/File:Basilico_Genovese_di_Pr%C3%A0-2.jpg', 'https://commons.wikimedia.org/wiki/User:Twice25', 5),
(36, 'Bay Leaf', 'Mediterranean', 'Bay leaves are often left in sauces as they cook, then removed before serving.', '1F33F', 0, 'Laurus nobilis', 'Dried bay leaves', 'Bay Leaves', 'Miansari66', 'https://commons.wikimedia.org/wiki/File:Bay_Leaves.JPG', 'https://commons.wikimedia.org/wiki/User:Miansari66', 9),
(37, 'Black Pepper', 'South Asian', 'The dried and cooked unripe fruit of the pepper plant.', '1F331', 1, 'Piper nigrum', 'Some freshly ground pepper', 'Spilled Pepper', 'Bryanwake', 'https://commons.wikimedia.org/wiki/File:Spilled_Pepper.jpg', 'https://en.wikipedia.org/wiki/User:Bryanwake', 9),
(38, 'Cajun Seasoning', 'Cajun', 'This spice blend is often used in Cajun cuisine.', '1F336', 2, '', 'An example of a Cajun spice blend', 'Kruidenmengeling-spice', 'Henna', 'https://commons.wikimedia.org/wiki/File:Kruidenmengeling-spice.jpg', 'https://commons.wikimedia.org/wiki/User:Henna', 5),
(39, 'Cardamom', 'South Asian', 'Seed pods from a plant in the ginger family. One of the most expensive spices in the world after vanilla and saffron.', '1F331', 1, 'Elettaria cardamomum', 'A dried Cardamom pod and a peeled one', 'Cardamom (Kerala, India)', 'Getpraveennair', 'https://commons.wikimedia.org/wiki/File:Cardamom_(Kerala,_India).jpg', 'https://commons.wikimedia.org/w/index.php?title=User:Getpraveennair', 7),
(40, 'Cayenne Pepper', 'Mexican', 'A somewhat hot chili pepper that can be dried and ground up to make a powder.', '1F336', 1, 'Capsicum annuum', 'Big pile of cayenne peppers', 'Capsicum frutescens', 'Eric in SF', 'https://commons.wikimedia.org/wiki/File:Capsicum_frutescens.jpg', 'https://commons.wikimedia.org/wiki/User:Eric_in_SF', 7),
(41, 'Chervil', 'Caucasian', 'A mild herb for mild dishes.', '1F33F', 0, 'Anthriscus cerefolium', 'Some chervil growing', 'Chervil', 'pxhere', 'https://pxhere.com/en/photo/1246582', 'https://pxhere.com/en/photo/1246582', 9),
(42, 'Chili Powder', 'Mexican', 'A blend of ground chili pepper and a handful of other ingredients.', '1F336', 2, '', 'Ancho chili powder', 'Anchochilipowder', 'Badagnani', 'https://en.wikipedia.org/wiki/File:Anchochilipowder.JPG', 'https://en.wikipedia.org/wiki/User:Badagnani', 2),
(43, 'Chives', 'Eurasian', 'Related to garlic and onions, these long green fellows are used for their stems.', '1F33F', 0, 'Allium schoenoprasum', 'Some chives sprouting in a pot', 'Chive seedlings sprouting', 'Norman21', 'https://commons.wikimedia.org/wiki/File:Chive_seedlings_sprouting.jpg', 'https://commons.wikimedia.org/wiki/User:Norman21', 2),
(44, 'Cinnamon', 'South Asian', 'The inner bark of a tree, used either in stick form or ground into a powder.', '1F332', 1, 'Cinnamomum verum', 'Cinnamon sticks, powder, and dried flowers', 'Cinnamomum verum spices', 'Simon A. Eugster', 'https://commons.wikimedia.org/wiki/File:Cinnamomum_verum_spices.jpg', 'https://commons.wikimedia.org/wiki/User:LivingShadow', 2),
(45, 'Cloves', 'South Asian', 'Aromatic dried flower buds.', '1F33C', 1, 'Syzygium aromaticum', 'Dried cloves', 'ClovesDried', 'Brian Arthur', 'https://commons.wikimedia.org/wiki/File:ClovesDried.jpg', 'https://commons.wikimedia.org/wiki/User:Ies', 2),
(46, 'Coriander', 'Middle Eastern', 'Leaves, also known as cilantro.', '1F33F', 0, 'Coriandrum sativum', 'A bunch of coriander leaves', 'A scene of Coriander leaves', 'Thamizhpparithi Maari', 'https://commons.wikimedia.org/wiki/File:A_scene_of_Coriander_leaves.JPG', 'https://commons.wikimedia.org/wiki/User:Thamizhpparithi_Maari', 2),
(47, 'Coriander Seeds', 'Middle Eastern', 'Dried fruits from the coriander plant. Ground up to be a spice.', '1F347', 1, 'Coriandrum sativum', 'A large pile of dried coriander fruits', 'Coriander Seeds', 'Sanjay Acharya', 'https://commons.wikimedia.org/wiki/File:Coriander_Seeds.jpg', 'https://commons.wikimedia.org/wiki/User:Sanjay_ach', 7),
(48, 'Cumin', 'Middle Eastern', 'Dried seeds that are often ground up before using.', '1F331', 1, 'Cuminum cyminum', 'Some cumin seeds', 'Sa cumin', ' 	Sanjay Acharya', 'https://commons.wikimedia.org/wiki/File:Sa_cumin.jpg', 'https://commons.wikimedia.org/wiki/User:Sanjay_ach', 2),
(49, 'Curry Powder', 'South Asian', 'A spice mix originating from India.', '1F35B', 2, '', 'A big pile of curry powder', 'Curry powder in the spice-bazaar in Istanbul', 'Thomas Steiner', 'https://commons.wikimedia.org/wiki/File:Curry_powder_in_the_spice-bazaar_in_Istanbul.jpg', 'https://de.wikipedia.org/wiki/Benutzer:Thire', 2),
(50, 'Dill', 'South Asian', 'Nice fluffy leaves.', '1F33F', 0, 'Anethum graveolens', 'Just a nice chunk of dill', 'Dill Spice Plant', 'Zsuzsanna Tóth', 'https://pixabay.com/en/dill-spice-plant-food-herb-green-2826179/', 'https://pixabay.com/en/users/suetot-5317196/', 8),
(51, 'Fennel', 'Mediterranean', 'Seeds from a plant in the carrot family.', '1F955', 1, 'Foeniculum vulgare', 'Oh no they spilled their bottle of fennel seeds', 'Fennel seed', 'Howcheng', 'https://commons.wikimedia.org/wiki/File:Fennel_seed.jpg', 'https://commons.wikimedia.org/wiki/User:Howcheng', 2),
(52, 'Fenugreek', 'Middle Eastern', 'Bean seeds. You can also use the leaves as herbs.', '1F347', 1, 'Trigonella foenum-graecum', 'Fenugreek seeds', '2017 0102 fenugreek seeds', 'Takeaway', 'https://commons.wikimedia.org/wiki/File:2017_0102_fenugreek_seeds.jpg', 'https://commons.wikimedia.org/wiki/User:Takeaway', 7),
(53, 'Five-Spice Powder', 'Chinese', 'A blend often used in Chinese and Taiwanese cuisine.', '1F331', 2, '', 'Five-spice powder with all of its base spices', 'Five Spice Powder', 'Tim Sackton', 'https://www.flickr.com/photos/sackton/6834786090', 'https://www.flickr.com/photos/sackton/', 4),
(54, 'Garam Masala', 'South Asian', 'A spice blend meant to warm the body.', '1F331', 2, '', 'Nice pile of Garam masala', 'Garammasalaphoto', 'Badagnani', 'https://commons.wikimedia.org/wiki/File:Garammasalaphoto.jpg', 'https://commons.wikimedia.org/wiki/User:Badagnani', 6),
(55, 'Garlic Powder', 'Central Asian', 'Everyone''s favorite vegetable, dried and ground into the best powder.', '1F955', 1, 'Allium sativum', 'A nice scoop of garlic powder', 'Garlic Powder, Penzeys Spices, Arlington Heights MA', 'John Phelan', 'https://commons.wikimedia.org/wiki/File:Garlic_Powder,_Penzeys_Spices,_Arlington_Heights_MA.jpg', 'https://commons.wikimedia.org/wiki/User:Faolin42', 2),
(56, 'Ginger', 'South Asian', 'A delicious root that can be used fresh or powdered.', '1F331', 1, 'Zingiber officinale', 'Good chunk of ginger and a knife, for like size comparison I guess?', 'Ingwer 2 fcm', 'Frank C. Müller', 'https://commons.wikimedia.org/wiki/File:Ingwer_2_fcm.jpg', 'https://commons.wikimedia.org/wiki/User:Frank_C._M%C3%BCller', 2),
(57, 'Herbes de Provence', 'French', 'A dried herb mix unsurprisingly from Provence, France.', '1F33F', 2, '', 'All those herbs, all those flavors...', 'Auberge Herbes de Provence', ' Karen Booth', 'https://commons.wikimedia.org/wiki/File:Herbesdeprovence.jpg', 'https://www.flickr.com/people/frenchtart', 1),
(58, 'Lemon Verbena', 'South American', 'The leaves add a lemon flavor to things, hence the name.', '1F33F', 0, 'Aloysia citrodora', 'Some lemon verbena growing', 'Aloysia citriodora 002', 'H. Zell', 'https://commons.wikimedia.org/wiki/File:Aloysia_citriodora_002.jpg', 'https://commons.wikimedia.org/wiki/User:Llez', 2),
(59, 'Mace', 'Indonesian', 'The aril - or seed covering - of the nutmeg seed. Prepared as a powder or in strips.', '1F331', 1, 'Myristica fragrans', 'Some slices of mace', 'Mace', 'Atudu', 'https://commons.wikimedia.org/wiki/File:Mace_(%E0%A6%9C%E0%A6%AF%E0%A6%BC%E0%A6%BF%E0%A6%A4%E0%A7%8D%E0%A6%B0%E0%A6%BF).JPG', 'https://commons.wikimedia.org/wiki/User:Atudu', 7),
(60, 'Marjoram', 'Mediterranean', 'Lovely leaves that are similar to oregano, but sweeter.', '1F33F', 0, 'Origanum majorana', 'Flowers of the marjoram plant', 'Marjoram flowers', 'SKsiddhartthan', 'https://commons.wikimedia.org/wiki/File:Marjoram_flowers.jpg', 'https://commons.wikimedia.org/w/index.php?title=User:Sksiddhartthan', 7),
(61, 'Mint', 'Worldwide', 'The good sweet leaves that you can brush your teeth with.', '1F33F', 0, 'Mentha', 'A bundle of chocolate mint', 'CSA-Chocolate-Mint', 'Evan-Amos', 'https://commons.wikimedia.org/wiki/File:CSA-Chocolate-Mint.jpg', 'https://commons.wikimedia.org/wiki/User:Evan-Amos', 9),
(62, 'Mustard', 'Mediterranean', 'Seeds that can be grinded to create a familiar condiment.', '1F331', 1, 'Sinapis alba', 'Some mustard seeds', 'Mustard', 'Novalis', 'https://commons.wikimedia.org/wiki/File:Mustard.png', 'https://en.wikipedia.org/wiki/User:Novalis', 2),
(63, 'Nutmeg', 'Indonesian', 'The dried seeds of the nutmeg tree.', '1F347', 1, 'Myristica fragrans', 'Some nutmeg seeds', 'Muscade', 'Nataraja', 'https://commons.wikimedia.org/wiki/File:Muscade.jpg', 'https://fr.wikipedia.org/wiki/Utilisateur:Nataraja', 9),
(64, 'Oregano', 'Mediterranean', 'Tasty leaves used heavily in Italian-American cuisine.', '1F33F', 0, 'Origanum vulgare', 'What''s better than this? Dried oregano.', 'Oregano', 'Atudu', 'https://commons.wikimedia.org/wiki/File:Oregano_(%E0%A6%85%E0%A6%B0%E0%A7%87%E0%A6%97%E0%A6%BE%E0%A6%A8%E0%A7%8B).JPG', 'https://commons.wikimedia.org/wiki/User:Atudu', 7),
(65, 'Paprika', 'Mexican', 'Red peppies - like bell peppers - dried and ground up. Can be smoked or sweet.', '1F336', 1, 'Capsicum annuum', 'A bowl of smoked paprika', 'Spanishsmokedpaprika', 'Badagnani', 'https://commons.wikimedia.org/wiki/File:Spanishsmokedpaprika.jpg', 'https://commons.wikimedia.org/wiki/User:Badagnani', 6),
(66, 'Parsley', 'Mediterranean', 'Some nice leaves to use as a garnish.', '1F33F', 0, 'Petroselinum crispum', 'Some good ol'' parsley leaves', 'Parsley100', 'Tharish', 'https://en.wikipedia.org/wiki/File:Parsley100.jpg', 'https://commons.wikimedia.org/w/index.php?title=User:Tharish', 2),
(67, 'Ras el hanout', 'North African', 'A spice blend with no definitive recipe, but usually has around 12 different spices in it.', '1F331', 2, '', 'A good bowl of ras el hanout', 'Ras.el.hanout', 'Sarefo', 'https://commons.wikimedia.org/wiki/File:Ras.el.hanout.jpg', 'https://commons.wikimedia.org/wiki/User:Sarefo', 7),
(68, 'Rosemary', 'Mediterranean', 'Some good leaves for meats and teas.', '1F33F', 0, 'Rosmarinus officinalis', 'Dried rosemary leaves', 'Rosemary', 'Atudu', 'https://commons.wikimedia.org/wiki/File:Rosemary_(%E0%A6%B0%E0%A7%8B%E0%A6%9C%E0%A6%AE%E0%A7%87%E0%A6%B0%E0%A7%80).JPG', 'https://commons.wikimedia.org/wiki/User:Atudu', 7),
(69, 'Saffron', 'Mediterranean', 'The dried threads of the Saffron Crocus flower. One of the most expensive spices in the world.', '1F940', 1, 'Crocus sativus', 'Dried saffron threads', 'Safran-Weinviertel Niederreiter 2 Gramm 8285', 'Hubertl', 'https://commons.wikimedia.org/wiki/File:Safran-Weinviertel_Niederreiter_2_Gramm_8285.jpg', 'https://commons.wikimedia.org/wiki/User:Hubertl', 7),
(70, 'Sage', 'Mediterranean', 'Some nice savory leaves.', '1F33F', 0, 'Salvia officinalis', 'Some nice sage growing in a pot', 'Salvia officinalis in vaso', 'Petar43', 'https://commons.wikimedia.org/wiki/File:Salvia_officinalis_in_vaso.JPG', 'https://commons.wikimedia.org/wiki/User:Petar43', 2),
(71, 'Sesame Seeds', 'South Asian', 'One of the oiliest seeds in the world.', '1F347', 1, 'Sesamum indicum', 'A bowl of roasted sesame seeds', 'Chamkkae (sesame)', 'National Institute of Korean Language', 'https://commons.wikimedia.org/wiki/File:Chamkkae_(sesame).jpg', 'https://krdict.korean.go.kr/', 5),
(72, 'Sichuan Pepper', 'Chinese', 'Seed husks that are very different from black peppercorns. The seeds themselves are not usually used in food.', '1F331', 1, 'Zanthoxylum simulans', 'Pile of peppercorns', 'Sechuan pepper', 'Max Ronnersjö', 'https://commons.wikimedia.org/wiki/File:Sechuan_pepper.jpg', 'https://commons.wikimedia.org/wiki/User:Maxronnersjo', 2),
(73, 'Star Anise', 'Chinese', 'Unrelated to regular anise. Dry up those fruits and seeds and give ''em a good grind!', '1F31F', 1, 'Illicium verum', 'Star anise fruits and seeds', 'Dried Star Anise Fruit Seeds', 'Sanjay Acharya', 'https://commons.wikimedia.org/wiki/File:Dried_Star_Anise_Fruit_Seeds.jpg', 'https://commons.wikimedia.org/wiki/User:Sanjay_ach', 7),
(74, 'Sumac', 'Mediterranean', 'Dried fruits from the Sumac tree.', '1F347', 0, 'Rhus coriaria', 'Sumac... for salad', 'Sumac', 'Webaware', 'https://commons.wikimedia.org/wiki/File:Sumac.jpg', 'https://commons.wikimedia.org/wiki/User:Webaware', 2),
(75, 'Summer Savory', 'Mediterranean', 'The most commonly used savory in cooking.', '1F33F', 0, 'Satureja hortensis', 'Summer savory growing', 'Satureja hortensis bgiu', 'Bogdan', 'https://commons.wikimedia.org/wiki/File:Satureja_hortensis_bgiu.jpg', 'https://commons.wikimedia.org/wiki/User:Bogdan', 2),
(76, 'Tarragon', 'Russian', 'Some lovely leaves found in France and Russia.', '1F33F', 0, 'Artemisia dracunculus', 'Dried tarragon in a lovely jar', 'Dried Taragon', 'KVDP', 'https://commons.wikimedia.org/wiki/File:Dried_Taragon.JPG', 'https://en.wikipedia.org/wiki/User:Genetics4good', 9),
(77, 'Thyme', 'Mediterranean', 'Lovely leaves that retain their flavor when dried much better than most herbs do.', '1F33F', 0, 'Thymus vulgaris', 'It''s thyme time', 'Thyme-Bundle', 'Evan-Amos', 'https://commons.wikimedia.org/wiki/File:Thyme-Bundle.jpg', 'https://commons.wikimedia.org/wiki/User:Evan-Amos', 8),
(78, 'Turmeric', 'South Asian', 'Tasty root powder. Makes food take on a lovely yellow color if you use too much like I always do.', '1F331', 1, 'Curcuma longa', 'Turmeric in root and powder form', 'Curcuma longa roots', 'Simon A. Eugster', 'https://commons.wikimedia.org/wiki/File:Curcuma_longa_roots.jpg', 'https://commons.wikimedia.org/wiki/User:LivingShadow', 2),
(79, 'Vanilla', 'Mexican', 'Dried fruits from the vanilla tree. Not actually beans.', '1F368', 0, 'Vanilla planifolia', 'Six vanilla fruit pods', 'Vanilla 6beans', 'B.navez', 'https://commons.wikimedia.org/wiki/File:Vanilla_6beans.JPG', 'https://commons.wikimedia.org/wiki/User:B.navez', 2),
(80, 'White Pepper', 'Sout Asian', 'The ripe fruit seeds of the peppercorn plant.', '1F331', 1, 'Piper nigrum', 'A nice diamond of white peppercorns.', 'White pepper whole', 'Miansari66', 'https://commons.wikimedia.org/wiki/File:White_pepper_whole.JPG', 'https://commons.wikimedia.org/wiki/User:Miansari66', 9),
(81, 'Winter Savory', 'Mediterranean', 'You can actually grow it in non-winter seasons, so its name is a bit deceiving.', '1F33F', 0, 'Satureja montana', 'Wild winter savory', 'Satureja montana2', 'Kurt Stüber', 'https://commons.wikimedia.org/wiki/File:Satureja_montana2.jpg', 'http://www.kurtstueber.de/', 2),
(82, 'Za''atar', 'Middle Eastern', 'An herb blend that can be combined with olive oil to make a spread.', '1F331', 2, '', 'A pile of za''atar', 'ZaatarbyGassan', 'Sjschen', 'https://commons.wikimedia.org/wiki/File:ZaatarbyGassan.jpg', 'https://commons.wikimedia.org/wiki/User:Sjschen', 6);

CREATE TABLE seasoning_dish (
  seasoning bigint(20) NOT NULL,
  dish bigint(20) NOT NULL
) ENGINE=InnoDB DEFAULT CHARSET=utf8mb4;

INSERT INTO seasoning_dish (seasoning, dish) VALUES
(33, 2),
(33, 5),
(33, 13),
(33, 18),
(33, 20),
(34, 13),
(34, 4),
(35, 18),
(35, 20),
(35, 21),
(35, 23),
(35, 24),
(35, 26),
(36, 22),
(36, 13),
(37, 13),
(37, 18),
(37, 20),
(37, 21),
(37, 22),
(37, 23),
(38, 18),
(39, 4),
(39, 5),
(39, 13),
(39, 2),
(39, 27),
(40, 20),
(40, 10),
(40, 23),
(40, 12),
(40, 13),
(41, 13),
(41, 23),
(42, 18),
(42, 20),
(42, 23),
(42, 13),
(43, 18),
(43, 20),
(43, 22),
(43, 23),
(43, 13),
(44, 2),
(44, 5),
(44, 19),
(45, 2),
(45, 4),
(45, 5),
(45, 20),
(45, 13),
(46, 4),
(47, 4),
(47, 18),
(47, 20),
(47, 12),
(47, 13),
(47, 25),
(48, 4),
(48, 18),
(48, 20),
(48, 10),
(48, 12),
(48, 13),
(49, 17),
(49, 18),
(49, 10),
(50, 23),
(50, 12),
(50, 13),
(51, 26),
(52, 4),
(53, 18),
(53, 20),
(53, 10),
(53, 24),
(54, 4),
(54, 20),
(54, 10),
(54, 23),
(54, 24),
(55, 4),
(55, 18),
(55, 20),
(55, 23),
(55, 12),
(55, 13),
(55, 24),
(56, 4),
(56, 20),
(56, 10),
(56, 13),
(56, 24),
(56, 5),
(57, 18),
(57, 13),
(57, 20),
(58, 5),
(58, 20),
(58, 19),
(58, 23),
(58, 27),
(59, 5),
(59, 2),
(60, 13),
(60, 12),
(60, 23),
(61, 5),
(61, 19),
(62, 23),
(62, 20),
(62, 18),
(63, 10),
(63, 12),
(63, 25),
(64, 18),
(64, 20),
(64, 21),
(64, 23),
(64, 13),
(64, 26),
(65, 20),
(65, 10),
(65, 13),
(65, 23),
(66, 21),
(66, 13),
(67, 4),
(67, 10),
(67, 13),
(68, 20),
(68, 12),
(68, 27),
(68, 25),
(69, 10),
(69, 5),
(69, 22),
(70, 19),
(70, 20),
(70, 13),
(70, 25),
(71, 2),
(71, 5),
(71, 12),
(71, 10),
(72, 13),
(72, 21),
(72, 10),
(73, 19),
(73, 26),
(73, 13),
(74, 23),
(74, 20),
(74, 13),
(75, 20),
(75, 13),
(75, 23),
(75, 12),
(76, 23),
(76, 12),
(77, 18),
(77, 20),
(77, 23),
(77, 13),
(78, 4),
(78, 10),
(79, 5),
(79, 27),
(80, 13),
(80, 18),
(80, 20),
(80, 21),
(80, 22),
(80, 23),
(81, 13),
(81, 12),
(81, 25),
(82, 17),
(82, 18);

CREATE TABLE seasoning_flavor (
  seasoning bigint(20) NOT NULL,
  flavor bigint(20) NOT NULL
) ENGINE=InnoDB DEFAULT CHARSET=utf8mb4;

INSERT INTO seasoning_flavor (seasoning, flavor) VALUES
(33, 2),
(33, 7),
(34, 9),
(34, 10),
(35, 7),
(36, 1),
(37, 6),
(37, 3),
(38, 2),
(38, 6),
(39, 7),
(40, 6),
(41, 7),
(42, 4),
(42, 6),
(43, 5),
(44, 2),
(44, 7),
(45, 2),
(45, 7),
(46, 7),
(46, 9),
(47, 2),
(47, 10),
(48, 2),
(48, 4),
(49, 6),
(49, 8),
(50, 7),
(50, 9),
(51, 7),
(51, 1),
(52, 1),
(52, 7),
(53, 1),
(53, 7),
(53, 8),
(54, 1),
(54, 7),
(54, 8),
(55, 5),
(56, 7),
(56, 8),
(57, 2),
(58, 10),
(58, 9),
(59, 7),
(59, 8),
(60, 7),
(60, 10),
(61, 7),
(61, 11),
(62, 6),
(63, 7),
(63, 8),
(64, 2),
(64, 1),
(64, 8),
(65, 7),
(65, 8),
(66, 1),
(67, 6),
(67, 10),
(68, 2),
(69, 1),
(69, 7),
(70, 8),
(70, 2),
(71, 2),
(72, 10),
(72, 3),
(73, 1),
(74, 9),
(75, 7),
(75, 2),
(76, 1),
(76, 7),
(77, 2),
(78, 1),
(78, 3),
(79, 7),
(80, 6),
(80, 3),
(81, 6),
(81, 2),
(81, 1),
(82, 1),
(82, 8);

CREATE TABLE seasoning_ingredient (
  seasoning bigint(20) NOT NULL,
  ingredient bigint(20) NOT NULL
) ENGINE=InnoDB DEFAULT CHARSET=utf8mb4;

INSERT INTO seasoning_ingredient (seasoning, ingredient) VALUES
(33, 313),
(33, 396),
(33, 26),
(33, 138),
(33, 298),
(33, 54),
(33, 405),
(33, 14),
(33, 15),
(33, 399),
(34, 411),
(34, 44),
(35, 8),
(35, 234),
(35, 402),
(35, 4),
(35, 7),
(35, 406),
(35, 14),
(35, 176),
(35, 44),
(35, 190),
(35, 15),
(35, 243),
(35, 344),
(35, 50),
(35, 6),
(36, 257),
(36, 4),
(36, 7),
(36, 407),
(36, 409),
(36, 410),
(36, 50),
(36, 138),
(36, 169),
(37, 6),
(37, 7),
(37, 44),
(37, 4),
(37, 50),
(38, 8),
(38, 138),
(38, 169),
(38, 6),
(38, 14),
(38, 44),
(38, 243),
(38, 410),
(39, 138),
(39, 399),
(39, 66),
(39, 179),
(39, 298),
(39, 54),
(39, 44),
(39, 408),
(39, 409),
(39, 243),
(39, 6),
(40, 8),
(40, 66),
(40, 234),
(40, 4),
(40, 7),
(40, 406),
(40, 14),
(40, 44),
(40, 190),
(41, 138),
(41, 176),
(41, 6),
(41, 169),
(42, 398),
(42, 407),
(42, 14),
(42, 44),
(42, 190),
(42, 66),
(42, 400),
(42, 298),
(42, 7),
(42, 6),
(43, 14),
(43, 176),
(43, 15),
(43, 243),
(43, 4),
(44, 313),
(44, 44),
(44, 15),
(44, 138),
(44, 404),
(44, 298),
(44, 54),
(45, 15),
(45, 313),
(45, 396),
(45, 298),
(45, 54),
(45, 7),
(46, 66),
(46, 407),
(47, 8),
(47, 14),
(47, 44),
(47, 190),
(47, 243),
(47, 256),
(47, 6),
(47, 4),
(47, 7),
(48, 138),
(48, 66),
(48, 234),
(48, 400),
(48, 7),
(48, 406),
(48, 407),
(48, 14),
(48, 44),
(48, 190),
(48, 409),
(48, 243),
(48, 256),
(49, 397),
(49, 44),
(49, 409),
(49, 243),
(49, 256),
(49, 26),
(49, 398),
(49, 400),
(49, 84),
(49, 406),
(50, 396),
(50, 176),
(50, 190),
(50, 138),
(50, 84),
(50, 15),
(51, 14),
(51, 138),
(51, 7),
(51, 169),
(52, 399),
(52, 44),
(52, 411),
(53, 8),
(53, 14),
(53, 408),
(53, 243),
(53, 256),
(53, 397),
(53, 138),
(53, 169),
(53, 257),
(54, 397),
(54, 407),
(54, 14),
(54, 44),
(54, 409),
(54, 398),
(54, 400),
(54, 4),
(54, 298),
(55, 26),
(55, 407),
(55, 14),
(55, 44),
(55, 190),
(55, 256),
(55, 138),
(55, 257),
(55, 7),
(55, 406),
(56, 396),
(56, 14),
(56, 44),
(56, 190),
(56, 243),
(56, 256),
(56, 138),
(56, 399),
(56, 4),
(56, 298),
(56, 54),
(57, 234),
(57, 14),
(57, 44),
(57, 190),
(57, 15),
(57, 402),
(57, 4),
(57, 7),
(57, 406),
(58, 190),
(58, 44),
(58, 313),
(58, 399),
(58, 243),
(59, 6),
(59, 190),
(59, 14),
(60, 4),
(60, 138),
(60, 6),
(60, 14),
(60, 257),
(61, 234),
(61, 190),
(61, 243),
(61, 401),
(61, 179),
(61, 4),
(61, 7),
(62, 8),
(62, 6),
(62, 14),
(63, 397),
(63, 15),
(63, 26),
(63, 138),
(63, 398),
(63, 298),
(63, 54),
(64, 395),
(64, 8),
(64, 257),
(64, 402),
(64, 4),
(64, 298),
(64, 7),
(64, 407),
(64, 14),
(64, 44),
(64, 190),
(64, 15),
(64, 243),
(64, 344),
(64, 406),
(65, 8),
(65, 397),
(65, 398),
(65, 4),
(65, 298),
(65, 44),
(65, 15),
(65, 410),
(65, 256),
(66, 6),
(66, 44),
(66, 190),
(66, 4),
(66, 7),
(67, 44),
(67, 15),
(67, 6),
(67, 411),
(68, 313),
(68, 398),
(68, 66),
(68, 257),
(68, 407),
(68, 14),
(68, 44),
(68, 190),
(68, 15),
(68, 243),
(68, 344),
(68, 6),
(68, 179),
(68, 4),
(68, 84),
(68, 7),
(69, 190),
(69, 176),
(69, 44),
(69, 7),
(69, 14),
(70, 313),
(70, 298),
(70, 14),
(70, 176),
(70, 190),
(70, 243),
(70, 344),
(71, 14),
(71, 190),
(71, 411),
(71, 397),
(71, 256),
(72, 408),
(72, 44),
(72, 243),
(72, 6),
(73, 14),
(73, 243),
(73, 408),
(73, 44),
(73, 7),
(74, 190),
(74, 411),
(74, 44),
(75, 344),
(75, 408),
(75, 66),
(75, 243),
(75, 407),
(76, 7),
(76, 176),
(76, 44),
(76, 190),
(77, 138),
(77, 398),
(77, 400),
(77, 179),
(77, 407),
(77, 14),
(77, 44),
(77, 190),
(77, 15),
(77, 409),
(77, 243),
(77, 344),
(77, 7),
(77, 406),
(78, 26),
(78, 407),
(78, 44),
(78, 190),
(78, 409),
(78, 256),
(78, 398),
(78, 4),
(78, 54),
(79, 399),
(80, 6),
(80, 7),
(80, 44),
(80, 4),
(80, 50),
(81, 407),
(81, 44),
(81, 344),
(81, 190),
(82, 138),
(82, 234),
(82, 6),
(82, 14),
(82, 44),
(82, 190),
(82, 15),
(82, 298),
(82, 54);

CREATE TABLE seasoning_recipe (
  id bigint(20) NOT NULL,
  seasoning bigint(20) NOT NULL,
  name varchar(100) NOT NULL,
  url varchar(200) NOT NULL
) ENGINE=InnoDB DEFAULT CHARSET=utf8mb4;

INSERT INTO seasoning_recipe (id, seasoning, name, url) VALUES
(1, 33, 'Jerk Chicken', 'https://www.allrecipes.com/recipe/8667/jays-jerk-chicken'),
(2, 33, 'Cincinnati Chili', 'https://www.allrecipes.com/recipe/206953/authentic-cincinnati-chili'),
(3, 33, 'Jamaican Jerk Dry Rub', 'https://www.allrecipes.com/recipe/141962/jamaican-jerk-dry-rub'),
(4, 33, 'Chai Tea', 'https://www.allrecipes.com/recipe/46350/shemakes-instant-chai-tea'),
(5, 33, 'Spiced Cookies', 'https://www.allrecipes.com/recipe/260068/spiced-sugar-cookies'),
(6, 34, 'Potato and Pea Curry', 'https://www.bbc.com/food/recipes/potato_and_pea_curry_19537'),
(7, 34, 'Punjabi Chole', 'http://hungrydesi.com/2009/02/15/punjabi-chole-with-amchur-crusted-aloo/'),
(8, 34, 'Chana Masala', 'https://smittenkitchen.com/2010/02/chana-masala/'),
(9, 35, 'Pesto', 'https://www.allrecipes.com/recipe/258213/proper-pesto/'),
(10, 35, 'Basil Ricotta Gnocchi', 'https://www.allrecipes.com/recipe/254944/chef-johns-basil-ricotta-gnocchi/'),
(11, 35, 'Tomato Basil Sauce', 'https://www.allrecipes.com/recipe/19376/fresh-tomato-basil-sauce/'),
(12, 35, 'Caprese Salad', 'https://www.allrecipes.com/recipe/228126/caprese-salad-with-balsamic-reduction/'),
(13, 36, 'Roasted Vegetable Stock', 'https://www.allrecipes.com/recipe/147142/roasted-vegetable-stock'),
(14, 36, 'Risotto', 'https://www.telegraph.co.uk/foodanddrink/recipes/8822742/Risotto-with-bay-leaves-pecorino-cheese-and-prosecco-recipe.html'),
(15, 36, 'Pot Roast', 'https://www.allrecipes.com/recipe/229953/pot-roast-with-vegetables'),
(16, 37, 'Black Pepper Beef', 'https://www.allrecipes.com/recipe/261791/peposa-dellimpruneta-tuscan-black-pepper-beef'),
(17, 37, 'Black Pepper Rings', 'https://www.allrecipes.com/recipe/20033/black-pepper-rings'),
(18, 37, 'Black Pepper Gravy', 'https://www.allrecipes.com/recipe/261134/black-pepper-gravy'),
(19, 39, 'Finnish Nissua', 'https://www.allrecipes.com/recipe/18123/finnish-nissua'),
(20, 39, 'Kheer', 'https://www.allrecipes.com/recipe/74203/kheer-rice-pudding'),
(21, 39, 'Hot Cross Buns', 'https://www.allrecipes.com/recipe/257871/chef-johns-hot-cross-buns'),
(22, 39, 'Beef Samosas', 'https://www.allrecipes.com/recipe/24871/beef-samosas'),
(23, 39, 'Chicken Curry', 'https://www.allrecipes.com/recipe/52678/spicy-indian-chicken-curry-yummy'),
(24, 40, 'Stuffed Peppers', 'https://www.allrecipes.com/recipe/222002/chef-johns-stuffed-peppers'),
(25, 40, 'Vinegar Pepper Sauce', 'https://www.allrecipes.com/recipe/17517/uncle-mikes-vinegar-pepper-sauce'),
(26, 40, 'Peppered Shrimp Alfredo', 'https://www.allrecipes.com/recipe/133128/peppered-shrimp-alfredo'),
(27, 40, 'Peanut Curry Chicken', 'https://www.allrecipes.com/recipe/244979/chef-johns-peanut-curry-chicken'),
(28, 41, 'Roasted Cauliflower and Leek Soup', 'https://www.allrecipes.com/recipe/229372/roasted-cauliflower-and-leek-soup'),
(29, 41, 'Green Apple-Parmesan Towers', 'https://www.allrecipes.com/recipe/266733/green-apple-parmesan-towers'),
(30, 43, 'Cheese Drop Biscuits', 'https://www.allrecipes.com/recipe/23641/cheese-drop-biscuits'),
(31, 43, 'Cheesy Chicken and Chive Sauce', 'https://www.allrecipes.com/recipe/40345/cheesy-chicken-and-chive-sauce'),
(32, 43, 'Curried Pumpkin Soup with Chives', 'https://www.allrecipes.com/recipe/245089/curried-pumpkin-soup-with-chives'),
(33, 43, 'Boiled Potatoes with Chives', 'https://www.allrecipes.com/recipe/231861/boiled-potatoes-with-chives'),
(34, 44, 'Pumpkin Cinnamon Rolls', 'https://www.allrecipes.com/recipe/229860/chef-johns-pumpkin-cinnamon-rolls'),
(35, 44, 'Cinnamon Roasted Sweet Potatoes', 'https://www.allrecipes.com/recipe/58616/cinnamon-roasted-sweet-potatoes'),
(36, 44, 'Cinnamon Pie', 'https://www.allrecipes.com/recipe/12578/cinnamon-pie'),
(37, 44, 'Horchata', 'https://www.allrecipes.com/recipe/141828/lolas-horchata'),
(38, 45, 'Basmati Rice', 'https://www.allrecipes.com/recipe/72349/indian-style-basmati-rice'),
(39, 45, 'Gingerbread Biscotti', 'https://www.allrecipes.com/recipe/43941/gingerbread-biscotti'),
(40, 45, 'Coconut Amarela', 'https://www.196flavors.com/angola-cocada-amarela/'),
(41, 45, 'Lamb Tagine', 'https://www.allrecipes.com/recipe/105044/lamb-tagine'),
(42, 45, 'Cranberry Cider', 'https://www.allrecipes.com/recipe/32555/hot-spiced-cranberry-cider'),
(43, 46, 'Orange Cilantro Rice', 'https://www.allrecipes.com/recipe/85856/orange-cilantro-rice'),
(44, 46, 'Cilantro Cream Sauce', 'https://www.allrecipes.com/recipe/20446/amys-cilantro-cream-sauce'),
(45, 46, 'Enchiladas Verdes', 'https://www.allrecipes.com/recipe/59900/authentic-enchiladas-verdes'),
(46, 47, 'Ajika Salsa', 'https://www.saveur.com/red-ajika-recipe'),
(47, 47, 'Mantu Dumplings', 'http://www.afghankitchenrecipes.com/recipe/mantu-beef-dumplings/'),
(48, 48, 'Shakshouka', 'https://www.allrecipes.com/recipe/245362/chef-johns-shakshuka'),
(49, 48, 'Aloo Gobi', 'https://www.allrecipes.com/recipe/151997/alicias-aloo-gobi'),
(50, 48, 'Moroccan Couscous', 'https://www.allrecipes.com/recipe/105045/moroccan-couscous'),
(51, 48, 'Albondigas', 'https://www.allrecipes.com/recipe/245585/turkey-and-rice-meatballs-albondigas'),
(52, 50, 'Tzatziki', 'https://www.allrecipes.com/video/3419/chef-johns-tzatziki-sauce'),
(53, 50, 'Garlic and Dill Salmon', 'https://www.allrecipes.com/recipe/79701/garlic-and-dill-salmon'),
(54, 50, 'Maple Dill Carrots', 'https://www.allrecipes.com/recipe/87694/maple-dill-carrots'),
(55, 50, 'Dill Pickles', 'https://www.allrecipes.com/recipe/218121/pops-dill-pickles'),
(56, 51, 'Garlic, Fennel and Orange Grilled Chicken Thighs', 'https://foodwishes.blogspot.com/2007/08/garlic-fennel-and-orange-grilled.html'),
(57, 51, 'Fennel and Grapefruit Summer Salad', 'https://www.allrecipes.com/recipe/201175/jennifers-fennel-and-grapefruit-summer-salad'),
(58, 51, 'Fennel Risotto', 'https://www.allrecipes.com/recipe/109548/fennel-risotto'),
(59, 51, 'Potatoes Au Gratin with Fennel and Bacon', 'https://www.allrecipes.com/recipe/167235/potatoes-au-gratin-with-fennel-and-bacon'),
(60, 52, 'Makhani Chicken', 'https://www.allrecipes.com/recipe/24782/makhani-chicken-indian-butter-chicken'),
(61, 52, 'Red Lentil Soup', 'https://www.allrecipes.com/recipe/70330/vegan-red-lentil-soup'),
(62, 52, 'Saag Paneer', 'https://www.allrecipes.com/recipe/228957/authentic-saag-paneer'),
(63, 55, 'Creamy Garlic Dip', 'https://www.allrecipes.com/recipe/24659/creamy-garlic-dip'),
(64, 55, 'Cheese Garlic Biscuits', 'https://www.allrecipes.com/recipe/20148/cheese-garlic-biscuits-i'),
(65, 55, 'Oven Roasted Parmesan Potatoes', 'https://www.allrecipes.com/recipe/233393/oven-roasted-parmesan-potatoes'),
(66, 56, 'Gingersnap Cookies', 'https://www.allrecipes.com/recipe/245440/chef-johns-gingersnap-cookies'),
(67, 56, 'Ginger-Turmeric Herbal Tea', 'https://www.allrecipes.com/recipe/242148/ginger-turmeric-herbal-tea'),
(68, 56, 'Ginger Pork Chops', 'https://www.allrecipes.com/recipe/53302/grilled-asian-ginger-pork-chops'),
(69, 58, 'Lemon Verbena-Blueberry Muffins', 'https://www.allrecipes.com/recipe/216030/lemon-verbena-blueberry-muffins'),
(70, 58, 'Peaches with Lemon Verbena Cream', 'https://www.bonappetit.com/recipe/peaches-with-lemon-verbena-cream'),
(71, 58, 'Mint Tea with Lemon Verbena', 'https://www.simplyrecipes.com/recipes/lemon_verbena_mint_herb_tea'),
(72, 59, 'Sixteenth Century Orange Chicken', 'https://www.allrecipes.com/recipe/20411/sixteenth-century-orange-chicken'),
(73, 59, 'Pumpkin Ravioli with Hazelnut Cream Sauce', 'https://www.allrecipes.com/recipe/11826/pumpkin-ravioli-with-hazelnut-cream-sauce'),
(74, 59, 'Chocolate Chip Cookies', 'https://www.allrecipes.com/recipe/26104/a-to-z-everything-but-the-kitchen-sink-chocolate-chip-cookies'),
(75, 60, 'Pork Rib Stew with Sage Cornmeal Dumplings', 'https://www.allrecipes.com/recipe/89257/pork-rib-stew-with-sage-cornmeal-dumplings'),
(76, 60, 'Chicken Manicotti Alfredo', 'https://www.allrecipes.com/recipe/12069/chicken-manicotti-alfredo'),
(77, 60, 'Maple Roast Turkey', 'https://www.allrecipes.com/recipe/13675/maple-roast-turkey'),
(78, 61, 'Grilled Lamb with Mint Orange Sauce', 'https://www.allrecipes.com/recipe/247363/chef-johns-grilled-lamb-with-mint-orange-sauce'),
(79, 61, 'Mint Chutney', 'https://www.allrecipes.com/recipe/83221/mint-chutney'),
(80, 61, 'Lemon Mint Iced Tea', 'https://www.allrecipes.com/recipe/217166/lemon-mint-iced-tea'),
(81, 61, 'Cucumber Raita', 'https://www.allrecipes.com/recipe/105046/cucumber-raita'),
(82, 62, 'Cauliflower with Melted Onions and Mustard Seeds', 'https://www.foodandwine.com/recipes/cauliflower-with-melted-onions-and-mustard-seeds'),
(83, 62, 'Indian Potatoes with Black and Yellow Mustard Seeds', 'https://www.myrecipes.com/recipe/indian-potatoes'),
(84, 62, 'Dijon Mustard', 'https://foodwishes.blogspot.com/2015/01/hello-its-chef-dijon-from-foodwishescom.html'),
(85, 63, 'Sweet Potato Muffins', 'https://www.allrecipes.com/recipe/245442/chef-johns-sweet-potato-muffins'),
(86, 63, 'Baked Stuffed Pumpkin', 'https://www.allrecipes.com/recipe/13657/baked-stuffed-pumpkin'),
(87, 63, 'Grilled Jamaican Jerked Pork Loin Chops', 'https://www.allrecipes.com/recipe/108197/grilled-jamaican-jerked-pork-loin-chops'),
(88, 64, 'Chimichurri', 'https://www.allrecipes.com/recipe/236375/chef-johns-chimichurri-sauce'),
(89, 64, 'Baked Tomatoes Oregano', 'https://www.allrecipes.com/recipe/25243/baked-tomatoes-oregano'),
(90, 64, 'Minestrone', 'https://www.allrecipes.com/recipe/100218/corrigans-minestrone'),
(91, 64, 'Albondigas', 'https://www.allrecipes.com/recipe/245585/turkey-and-rice-meatballs-albondigas'),
(92, 64, 'Marinara Sauce', 'https://www.allrecipes.com/recipe/26293/simple-marinara-sauce'),
(93, 65, 'Shakshouka', 'https://www.allrecipes.com/recipe/245362/chef-johns-shakshuka'),
(94, 65, 'Hungarian Mushroom Soup', 'https://www.allrecipes.com/recipe/17897/hungarian-mushroom-soup'),
(96, 66, 'Chicken Kiev', 'https://www.allrecipes.com/recipe/236703/chef-johns-chicken-kiev'),
(97, 66, 'Chimichurri', 'https://www.chowhound.com/recipes/argentine-chimichurri-sauce-28393'),
(98, 66, 'Hearty Turkey Soup with Parsley Dumplings', 'https://www.allrecipes.com/recipe/9145/hearty-turkey-soup-with-parsley-dumplings'),
(99, 66, 'Cioppino', 'https://www.allrecipes.com/recipe/12816/cioppino'),
(100, 68, 'Rosemary Pull-Apart Dinner Rolls', 'https://www.allrecipes.com/recipe/230749/rosemary-pull-apart-dinner-rolls'),
(101, 68, 'Focaccia', 'https://foodwishes.blogspot.com/2013/08/focaccia-surprisingly-not-italian-for.html'),
(102, 68, 'Turkey Mushrooms', 'https://www.allrecipes.com/recipe/219874/italian-turkey-meatballs'),
(103, 69, 'Lamb Tagine', 'https://www.allrecipes.com/recipe/105044/lamb-tagine'),
(104, 69, 'Saffron Rice', 'https://www.allrecipes.com/recipe/24376/saffron-rice'),
(105, 71, 'Sesame Beef', 'https://www.allrecipes.com/recipe/14679/sesame-beef'),
(106, 71, 'Tahini Chicken', 'https://www.allrecipes.com/recipe/237303/tahini-chicken'),
(107, 71, 'Sesame Seared Tuna', 'https://www.allrecipes.com/recipe/71698/sesame-seared-tuna'),
(108, 72, 'Mapo Chicken', 'https://www.seriouseats.com/recipes/2013/01/mapo-chicken-recipe.html'),
(109, 72, 'Sichuan-Style Hot and Numbing Sliced Turkey', 'https://www.seriouseats.com/recipes/2010/11/thanksgiving-leftovers-sichuan-style-hot-and-numbing-sliced-turkey.html'),
(110, 72, 'Boiled Beef with Chili', 'https://www.seriouseats.com/recipes/2012/06/sichuan-boiled-beef-recipe.html'),
(111, 73, 'Beef Pho', 'https://www.allrecipes.com/recipe/57354/beef-pho'),
(112, 73, 'Honey-Glazed Ham', 'https://www.allrecipes.com/recipe/240752/chef-johns-honey-glazed-ham'),
(113, 73, 'Tangerine Cherry Cranberry Sauce', 'https://www.allrecipes.com/recipe/222397/tangerine-cherry-cranberry-sauce'),
(114, 73, 'Tea Leaf Eggs', 'https://www.allrecipes.com/recipe/51326/chinese-tea-leaf-eggs'),
(115, 74, 'Tomato Lemon Sumac', 'https://www.spicemamasf.com/tomato-lemon-sumac'),
(116, 74, 'Sumac Chicken Thighs', 'https://cookinglsl.com/one-pan-sumac-chicken-thighs/'),
(117, 74, 'Grilled Sweet Potato Baba Ghanoush', 'https://www.bonappetit.com/recipe/grilled-sweet-potato-baba-ghanoush'),
(118, 75, 'Summer Savory and Garlic Green Beans', 'https://www.lifesambrosia.com/summer-savory-and-garlic-green-beans-recipe/'),
(119, 75, 'Marinated Tomatoes with Lemon and Summer Savory', 'https://www.myrecipes.com/recipe/marinated-tomatoes-with-lemon-summer-savory'),
(120, 76, 'Lobster Thermidor', 'https://www.allrecipes.com/recipe/262161/chef-johns-lobster-thermidor'),
(121, 76, 'Tarragon Aioli', 'https://www.allrecipes.com/recipe/237826/chef-johns-tarragon-aioli'),
(122, 76, 'Grilled Tarragon Mustard Chicken', 'https://www.allrecipes.com/recipe/222710/grilled-tarragon-mustard-chicken'),
(123, 77, 'Grilled Garlic and Herb Shrimp', 'https://www.allrecipes.com/recipe/244245/chef-johns-grilled-garlic-and-herb-shrimp'),
(124, 77, 'Quiche Lorraine', 'https://www.allrecipes.com/recipe/223196/chef-johns-quiche-lorraine'),
(125, 77, 'Cheddar-Thyme Flaky Biscuits', 'https://www.allrecipes.com/recipe/150986/cheddar-thyme-flaky-biscuits'),
(126, 77, 'Lemon Thyme Rice', 'https://www.allrecipes.com/recipe/31540/lemon-thyme-rice'),
(127, 78, 'Peanut Curry Chicken', 'https://www.allrecipes.com/recipe/244979/chef-johns-peanut-curry-chicken'),
(128, 78, 'Chicken Tikka Masala', 'https://www.allrecipes.com/recipe/228446/authentic-chicken-tikka-masala'),
(129, 78, 'Ginger-Turmeric Herbal Tea', 'https://www.allrecipes.com/recipe/242148/ginger-turmeric-herbal-tea'),
(130, 78, 'Turmeric Milk', 'https://www.allrecipes.com/recipe/244623/turmeric-milk'),
(131, 78, 'Butter Lamb Gravy', 'https://www.allrecipes.com/recipe/150812/butter-lamb-gravy'),
(132, 79, 'Vanilla Crepes', 'https://www.allrecipes.com/recipe/95817/vanilla-crepes'),
(133, 79, 'Vanilla Ice Cream', 'https://www.allrecipes.com/recipe/233928/how-to-make-vanilla-ice-cream'),
(134, 79, 'Pastry Cream', 'https://www.allrecipes.com/recipe/76043/pastry-cream'),
(135, 79, 'Chocolate Chip Cookies', 'https://www.allrecipes.com/recipe/10813/best-chocolate-chip-cookies'),
(136, 79, 'Waffles', 'https://www.allrecipes.com/recipe/22180/waffles-i'),
(137, 80, 'Pfeffernusse', 'https://www.allrecipes.com/recipe/9822/pfeffernusse'),
(138, 80, 'Macaroni and Cheese', 'https://www.allrecipes.com/recipe/219166/chef-johns-macaroni-and-cheese'),
(139, 80, 'Eggs Benedict', 'https://www.allrecipes.com/recipe/17205/eggs-benedict'),
(140, 81, 'Barbecued Anglerfish with Winter Savory', 'https://backyardpatch.blogspot.com/2015/01/winter-savory-herb-of-week.html'),
(141, 81, 'Crab Stuffed Mushrooms', 'https://www.allrecipes.com/recipe/12751/crab-stuffed-mushrooms');

CREATE TABLE seasoning_relationship (
  seasoning1 bigint(20) NOT NULL,
  seasoning2 bigint(20) NOT NULL,
  relationship int(11) NOT NULL COMMENT '0 = pairs with\r\n1 = component of\r\n2 = related to'
) ENGINE=InnoDB DEFAULT CHARSET=utf8mb4;

INSERT INTO seasoning_relationship (seasoning1, seasoning2, relationship) VALUES
(33, 39, 0),
(33, 63, 0),
(33, 44, 0),
(33, 45, 0),
(33, 56, 0),
(33, 59, 0),
(33, 46, 0),
(33, 50, 0),
(33, 55, 0),
(34, 78, 0),
(35, 55, 0),
(35, 68, 0),
(35, 77, 0),
(35, 64, 0),
(35, 60, 0),
(35, 51, 0),
(35, 48, 0),
(35, 37, 0),
(35, 43, 0),
(35, 45, 0),
(35, 56, 0),
(35, 66, 0),
(35, 81, 0),
(36, 64, 0),
(36, 70, 0),
(36, 77, 0),
(36, 60, 0),
(36, 66, 0),
(36, 37, 0),
(36, 50, 0),
(36, 51, 0),
(36, 59, 0),
(36, 81, 0),
(37, 66, 0),
(37, 77, 0),
(37, 48, 0),
(37, 64, 0),
(37, 40, 0),
(37, 56, 0),
(37, 35, 0),
(37, 39, 0),
(37, 36, 0),
(37, 46, 0),
(37, 45, 0),
(37, 78, 0),
(37, 50, 0),
(37, 59, 0),
(37, 60, 0),
(37, 62, 0),
(37, 73, 0),
(39, 44, 0),
(39, 48, 0),
(39, 56, 0),
(39, 78, 0),
(39, 45, 0),
(39, 33, 0),
(39, 37, 0),
(39, 46, 0),
(39, 65, 0),
(39, 73, 0),
(40, 48, 0),
(40, 65, 0),
(40, 44, 0),
(40, 55, 0),
(40, 37, 0),
(40, 52, 0),
(40, 61, 0),
(41, 76, 0),
(41, 66, 0),
(41, 43, 0),
(42, 47, 0),
(42, 64, 0),
(42, 65, 0),
(43, 35, 0),
(43, 46, 0),
(43, 64, 0),
(43, 55, 0),
(43, 61, 0),
(43, 66, 0),
(43, 68, 0),
(43, 77, 0),
(43, 41, 0),
(43, 50, 0),
(43, 76, 0),
(44, 33, 0),
(44, 45, 0),
(44, 63, 0),
(44, 39, 0),
(44, 40, 0),
(44, 46, 0),
(44, 47, 0),
(44, 48, 0),
(44, 50, 0),
(44, 51, 0),
(44, 56, 0),
(44, 65, 0),
(44, 73, 0),
(44, 79, 0),
(45, 44, 0),
(45, 63, 0),
(45, 33, 0),
(45, 35, 0),
(45, 73, 0),
(45, 79, 0),
(45, 37, 0),
(45, 39, 0),
(45, 50, 0),
(45, 55, 0),
(45, 56, 0),
(46, 56, 0),
(46, 44, 0),
(46, 48, 0),
(46, 39, 0),
(46, 33, 0),
(46, 63, 0),
(46, 37, 0),
(46, 43, 0),
(46, 51, 0),
(46, 77, 0),
(47, 42, 0),
(47, 48, 0),
(47, 44, 0),
(47, 55, 0),
(48, 55, 0),
(48, 78, 0),
(48, 56, 0),
(48, 44, 0),
(48, 64, 0),
(48, 35, 0),
(48, 37, 0),
(48, 39, 0),
(48, 40, 0),
(48, 46, 0),
(48, 47, 0),
(48, 59, 0),
(48, 61, 0),
(48, 65, 0),
(50, 62, 0),
(50, 44, 0),
(50, 37, 0),
(50, 45, 0),
(50, 33, 0),
(50, 36, 0),
(50, 59, 0),
(50, 56, 0),
(50, 43, 0),
(50, 55, 0),
(50, 66, 0),
(51, 46, 0),
(51, 36, 0),
(51, 44, 0),
(51, 35, 0),
(51, 64, 0),
(51, 73, 0),
(52, 56, 0),
(52, 40, 0),
(52, 62, 0),
(52, 73, 0),
(55, 33, 0),
(55, 45, 0),
(55, 47, 0),
(55, 48, 0),
(55, 56, 0),
(55, 63, 0),
(55, 64, 0),
(55, 68, 0),
(55, 70, 0),
(55, 77, 0),
(55, 78, 0),
(55, 35, 0),
(55, 40, 0),
(55, 43, 0),
(55, 50, 0),
(55, 60, 0),
(55, 62, 0),
(55, 65, 0),
(55, 72, 0),
(56, 55, 0),
(56, 33, 0),
(56, 35, 0),
(56, 39, 0),
(56, 44, 0),
(56, 45, 0),
(56, 48, 0),
(56, 63, 0),
(56, 61, 0),
(56, 37, 0),
(56, 46, 0),
(56, 50, 0),
(56, 52, 0),
(56, 58, 0),
(56, 72, 0),
(58, 79, 0),
(58, 61, 0),
(58, 56, 0),
(59, 37, 0),
(59, 36, 0),
(59, 48, 0),
(59, 33, 0),
(59, 50, 0),
(60, 55, 0),
(60, 77, 0),
(60, 37, 0),
(60, 35, 0),
(60, 36, 0),
(60, 64, 0),
(60, 81, 0),
(61, 40, 0),
(61, 48, 0),
(61, 56, 0),
(61, 58, 0),
(61, 43, 0),
(62, 37, 0),
(62, 55, 0),
(62, 50, 0),
(62, 52, 0),
(63, 33, 0),
(63, 45, 0),
(63, 44, 0),
(63, 46, 0),
(63, 55, 0),
(63, 56, 0),
(63, 79, 0),
(64, 42, 0),
(64, 36, 0),
(64, 77, 0),
(64, 60, 0),
(64, 51, 0),
(64, 35, 0),
(64, 37, 0),
(64, 43, 0),
(64, 48, 0),
(64, 55, 0),
(64, 68, 0),
(64, 71, 0),
(64, 74, 0),
(65, 55, 0),
(65, 42, 0),
(65, 39, 0),
(65, 44, 0),
(65, 48, 0),
(65, 40, 0),
(65, 75, 0),
(66, 35, 0),
(66, 43, 0),
(66, 76, 0),
(66, 36, 0),
(66, 37, 0),
(66, 41, 0),
(66, 50, 0),
(68, 55, 0),
(68, 64, 0),
(68, 77, 0),
(68, 35, 0),
(68, 43, 0),
(68, 81, 0),
(69, 78, 0),
(69, 44, 0),
(69, 63, 0),
(70, 81, 0),
(70, 36, 0),
(70, 55, 0),
(71, 74, 0),
(71, 77, 0),
(71, 75, 0),
(71, 64, 0),
(72, 73, 0),
(72, 56, 0),
(72, 55, 0),
(73, 45, 0),
(73, 44, 0),
(73, 37, 0),
(73, 51, 0),
(73, 39, 0),
(73, 52, 0),
(73, 72, 0),
(74, 77, 0),
(74, 64, 0),
(74, 71, 0),
(75, 77, 0),
(75, 65, 0),
(75, 71, 0),
(76, 66, 0),
(76, 43, 0),
(76, 41, 0),
(77, 64, 0),
(77, 68, 0),
(77, 74, 0),
(77, 46, 0),
(77, 36, 0),
(77, 35, 0),
(77, 37, 0),
(77, 43, 0),
(77, 55, 0),
(77, 60, 0),
(77, 71, 0),
(77, 75, 0),
(77, 81, 0),
(78, 39, 0),
(78, 55, 0),
(78, 37, 0),
(78, 48, 0),
(79, 44, 0),
(79, 63, 0),
(79, 45, 0),
(79, 58, 0),
(80, 66, 0),
(80, 77, 0),
(80, 48, 0),
(80, 64, 0),
(80, 40, 0),
(80, 56, 0),
(80, 35, 0),
(80, 39, 0),
(80, 36, 0),
(80, 46, 0),
(80, 45, 0),
(80, 78, 0),
(80, 50, 0),
(80, 59, 0),
(80, 60, 0),
(80, 62, 0),
(80, 73, 0),
(81, 35, 0),
(81, 36, 0),
(81, 60, 0),
(81, 77, 0),
(81, 68, 0),
(81, 70, 0),
(36, 54, 1),
(42, 53, 1),
(42, 54, 1),
(48, 49, 1),
(49, 73, 1),
(49, 45, 1),
(49, 51, 1),
(49, 72, 1),
(49, 44, 1),
(53, 54, 1),
(53, 63, 1),
(54, 57, 1),
(54, 64, 1),
(57, 38, 1),
(57, 42, 1),
(60, 57, 1),
(67, 57, 1),
(68, 57, 1),
(64, 57, 1),
(64, 82, 1),
(74, 82, 1),
(75, 57, 1),
(75, 82, 1),
(76, 41, 1),
(77, 57, 1),
(77, 82, 1),
(37, 54, 1),
(39, 54, 1),
(40, 38, 1),
(40, 42, 1),
(40, 54, 1),
(44, 53, 1),
(44, 54, 1),
(45, 53, 1),
(45, 54, 1),
(47, 54, 1),
(47, 49, 1),
(48, 38, 1),
(48, 42, 1),
(48, 54, 1),
(51, 53, 1),
(52, 49, 1),
(55, 42, 1),
(59, 54, 1),
(65, 38, 1),
(65, 42, 1),
(71, 82, 1),
(72, 53, 1),
(73, 53, 1),
(78, 49, 1),
(46, 47, 2),
(47, 46, 2),
(63, 59, 2),
(59, 63, 2),
(55, 43, 2),
(43, 55, 2),
(75, 81, 2),
(81, 75, 2),
(41, 66, 2),
(66, 41, 2),
(41, 46, 2),
(46, 41, 2),
(41, 47, 2),
(47, 41, 2),
(66, 46, 2),
(46, 66, 2),
(66, 47, 2),
(47, 66, 2),
(60, 64, 2),
(64, 60, 2),
(80, 37, 2),
(37, 80, 2);

CREATE TABLE seasoning_synonym (
  seasoning bigint(20) NOT NULL,
  synonym varchar(50) NOT NULL
) ENGINE=InnoDB DEFAULT CHARSET=utf8mb4;

INSERT INTO seasoning_synonym (seasoning, synonym) VALUES
(33, 'Jamaica pimenta'),
(33, 'myrtle pepper'),
(34, 'aamchur'),
(34, 'amchur'),
(34, 'mango powder'),
(35, 'great basil'),
(35, 'Saint-Joseph''s-wort'),
(35, 'sweet basil'),
(36, 'laurel'),
(36, 'sweet bay'),
(39, 'cardamon'),
(39, 'cardamum'),
(40, 'red pepper'),
(41, 'French parsley'),
(41, 'garden chervil'),
(46, 'Chinese parsley'),
(46, 'cilantro'),
(47, 'cilantro seeds'),
(58, 'lemon beebrush'),
(60, 'sweet marjoram'),
(64, 'wild marjoram'),
(67, 'rass el hanout'),
(72, 'Szechuan pepper'),
(73, 'badiam'),
(74, 'sumach'),
(74, 'sumaq'),
(76, 'estragon'),
(81, 'mountain savory'),
(82, 'satar');

CREATE TABLE shell_country (
  id bigint(20) NOT NULL,
  countryCode varchar(5) NOT NULL,
  name varchar(100) NOT NULL
) ENGINE=InnoDB DEFAULT CHARSET=utf8mb4;

INSERT INTO shell_country (id, countryCode, name) VALUES
(1, 'GR', 'Hellas'),
(2, 'GT', 'Guatemala'),
(3, 'GN', 'Guinea'),
(4, 'GY', 'Guyana'),
(5, 'HT', 'Haiti'),
(6, 'HN', 'Honduras'),
(7, 'HU', 'Hungary'),
(8, 'IN', 'India'),
(9, 'IL', 'Israel'),
(10, 'IR', 'Iran'),
(11, 'IT', 'Italy'),
(12, 'KZ', 'Kazakhstan'),
(13, 'KE', 'Kenya'),
(14, 'XK', 'Kosovo'),
(15, 'KY', 'Kyrgyzstan'),
(16, 'LA', 'Laos'),
(17, 'LV', 'Latvia'),
(18, 'LR', 'Liberia'),
(19, 'LY', 'Libya'),
(20, 'LI', 'Liechtenstein'),
(21, 'LT', 'Lithuania'),
(22, 'LU', 'Luxembourg'),
(23, 'MY', 'Malaysia'),
(24, 'ML', 'Mali'),
(25, 'MR', 'Mauritania'),
(26, 'MX', 'Mexico'),
(27, 'MC', 'Monaco'),
(28, 'MN', 'Mongolia'),
(29, 'ME', 'Montenegro'),
(30, 'MA', 'Morocco'),
(31, 'MZ', 'Mozambique'),
(32, 'MM', 'Myanmar'),
(33, 'NA', 'Namibia'),
(34, 'NP', 'Nepal'),
(35, 'NL', 'Netherlands'),
(36, 'NI', 'Nicaragua'),
(37, 'NE', 'Niger'),
(38, 'NG', 'Nigeria'),
(39, 'KP', 'North Korea'),
(40, 'MK', 'North Macedonia'),
(41, 'NO', 'Norway'),
(42, 'PS', 'Palestine'),
(43, 'PK', 'Pakistan'),
(44, 'PA', 'Panama'),
(45, 'PY', 'Paraguay'),
(46, 'PE', 'Peru'),
(47, 'PL', 'Poland'),
(48, 'RO', 'Romania'),
(49, 'RU', 'Russia'),
(50, 'RW', 'Rwanda'),
(51, 'SN', 'Senegal'),
(52, 'RS', 'Serbia'),
(53, 'SK', 'Slovakia'),
(54, 'SI', 'Slovenia'),
(55, 'ES', 'Spain'),
(56, 'SO', 'Somalia'),
(57, 'SO-SM', 'Somaliland'),
(58, 'ZA', 'South Africa'),
(59, 'SS', 'South Sudan'),
(60, 'SD', 'Sudan'),
(61, 'SR', 'Suriname'),
(62, 'SE', 'Sweden'),
(63, 'CH', 'Switzerland'),
(64, 'TJ', 'Tajikistan'),
(65, 'TZ', 'Tanzania'),
(66, 'TH', 'Thailand'),
(67, 'CN-XZ', 'Tibet'),
(68, 'TG', 'Togo'),
(69, 'TN', 'Tunisia'),
(70, 'TR', 'Turkey'),
(71, 'TM', 'Turkmenistan'),
(72, 'UG', 'Uganda'),
(73, 'UA', 'Ukraine'),
(74, 'US', 'United States of America'),
(75, 'UY', 'Uruguay'),
(76, 'UZ', 'Uzbekistan'),
(77, 'VE', 'Venezuela'),
(78, 'VN', 'Vietnam'),
(79, 'EH', 'Sahrawi Arab Democratic Republic'),
(80, 'ZM', 'Zambia'),
(81, 'ZW', 'Zimbabwe'),
(82, 'None', 'None'),
(151, 'GW', 'Guinea-Bissau'),
(152, 'IS', 'Iceland'),
(153, 'ID', 'Indonesia'),
(154, 'IQ', 'Iraq'),
(155, 'IE', 'Ireland'),
(156, 'JM', 'Jamaica'),
(157, 'JP', 'Japan'),
(158, 'JO', 'Jordan'),
(159, 'KI', 'Kiribati'),
(160, 'KR', 'South Korea'),
(161, 'KW', 'Kuwait'),
(162, 'LB', 'Lebanon'),
(163, 'LS', 'Lesotho'),
(164, 'MG', 'Madagascar'),
(165, 'MW', 'Malawi'),
(166, 'MV', 'Maldives'),
(167, 'MT', 'Malta'),
(168, 'MH', 'Marshall Islands'),
(169, 'MU', 'Mauritius'),
(170, 'FM', 'Micronesia'),
(171, 'MD', 'Moldova'),
(172, 'NR', 'Nauru'),
(173, 'NZ', 'New Zealand'),
(174, 'NU', 'Niue'),
(175, 'CY-NC', 'Northern Cyprus'),
(176, 'OM', 'Oman'),
(177, 'PW', 'Palau'),
(178, 'PG', 'Papau New Guinea'),
(179, 'PH', 'Philippines'),
(180, 'PT', 'Portugal'),
(181, 'QA', 'Qatar'),
(182, 'KN', 'Saint Kitts and Nevis'),
(183, 'LC', 'Saint Lucia'),
(184, 'VC', 'Saint Vincent and the Grenadines'),
(185, 'WS', 'Samoa'),
(186, 'SM', 'San Marino'),
(187, 'ST', 'São Tomé and Príncipe'),
(188, 'SA', 'Saudi Arabia'),
(189, 'SC', 'Seychelles'),
(190, 'SL', 'Sierra Leone'),
(191, 'SG', 'Singapore'),
(192, 'SB', 'Solomon Islands'),
(193, 'GE-SO', 'South Ossetia'),
(194, 'LK', 'Sri Lanka'),
(195, 'SY', 'Syria'),
(196, 'TW', 'Taiwan'),
(197, 'TO', 'Tonga'),
(198, 'MD-TN', 'Transnistria'),
(199, 'TT', 'Trinidad and Tobago'),
(200, 'TV', 'Tuvalu'),
(201, 'AE', 'United Arab Emirates'),
(202, 'GB', 'United Kingdom'),
(203, 'VU', 'Vanuatu'),
(204, 'VA', 'Vatican City'),
(205, 'YE', 'Yemen');

CREATE TABLE song (
  id bigint(20) NOT NULL,
  country bigint(20) NOT NULL,
  name varchar(200) NOT NULL,
  url varchar(200) NOT NULL,
  favorite bit(1) NOT NULL,
  translation varchar(200) DEFAULT NULL
) ENGINE=InnoDB DEFAULT CHARSET=utf8mb4;

INSERT INTO song (id, country, name, url, favorite, translation) VALUES
(1131, 139, 'The Bloody Foreigners - N''deti', 'https://www.youtube.com/watch?v=4VGsyzJkFWQ', b'0', 'The Bloody Foreigners - Chilling at the Beach'),
(1132, 139, 'Ermal Fejzullahu ft. Gena - Ajo', 'https://www.youtube.com/watch?v=QAqyDTbWBSI', b'0', 'Ermal Fejzullahu ft. Gena - She'),
(1133, 139, 'Eugent Bushpepa - Fjalet E Qiririt', 'https://www.youtube.com/watch?v=QcbuXh4n1oo', b'0', 'Eugent Bushpepa - The Words of the Candle'),
(1134, 139, 'Ingrit Gjoni ft. Gjeto Luca - Fustani Pika Pika', 'https://www.youtube.com/watch?v=g8pP7U8_UsA', b'1', 'Ingrit Gjoni ft. Gjeto Luca - Polka-dotted Dress'),
(1135, 140, 'Cheb Nadir - Rani raya', 'https://www.youtube.com/watch?v=yDUd_0Fm8xE', b'0', NULL),
(1136, 140, 'Dahmane El Harrachi - Hassebni Khoud Krak', 'https://www.youtube.com/watch?v=XoLT_F1f0Wo', b'0', NULL),
(1137, 140, 'Hamdi Benani - Habit el youm', 'https://www.youtube.com/watch?v=_g2EHyYFhQ4', b'0', NULL),
(1138, 140, 'Khaled - Aïcha', 'https://www.youtube.com/watch?v=F9AWRdSQeOE', b'0', 'Khaled - Aisha'),
(1139, 140, 'Khaled - C''est la vie', 'https://www.youtube.com/watch?v=H7rhMqTQ4WI', b'1', 'Khaled - Such is Life'),
(1140, 140, 'Lim ft. Samira Talianie - Raï-kaï', 'https://www.youtube.com/watch?v=q-MCv3TRtZ4', b'0', NULL),
(1141, 140, 'Rachid Taha - Barra Barra', 'https://www.youtube.com/watch?v=Q-nF8ACz4k0', b'0', 'Rachid Taha - Outside Outside'),
(1142, 140, 'Souda Massi - Samira Meskina', 'https://www.youtube.com/watch?v=ZmhsIXglxOI', b'0', 'Souda Massi - Poor Samira'),
(1149, 141, 'Anonymous - Salvem el món', 'https://www.youtube.com/watch?v=VmiV8bbNjQo', b'1', 'Anonymous - Let''s Save the World'),
(1150, 141, 'Marta Roure - Jugarem a Estimar-nos', 'https://www.youtube.com/watch?v=9JDvhww0vjw', b'0', 'Marta Roure - We''ll Be Playing at Loving Each Other'),
(1151, 141, 'Persefone - One Of Many...', 'https://www.youtube.com/watch?v=0Hk7yeCYWas', b'0', NULL),
(1162, 142, 'Ary - Você me Encangalha', 'https://www.youtube.com/watch?v=bFP3QnEtdro', b'0', 'Ary - You Scare Me'),
(1163, 142, 'Dog Murras ft. Noitre & Dia - Chacule Bum Dance (Magia)', 'https://www.youtube.com/watch?v=LAL8zDokJVk', b'1', NULL),
(1164, 142, 'Kueno Aionda - Isabel', 'https://www.youtube.com/watch?v=FIgMPLLDoCA', b'0', NULL),
(1165, 142, 'Don Kikas - Estou Aqui', 'https://www.youtube.com/watch?v=OWg2ySr6L7c', b'0', 'Don Kikas - I''m Here'),
(1166, 142, 'Yola Araújo - Sja Paixona', 'https://www.youtube.com/watch?v=Fljq8miMrFY', b'0', 'Yola Araújo - If I Already Fell in Love'),
(1171, 143, 'Claudette Peters - Out Deh', 'https://www.youtube.com/watch?v=JUHTUWyyJcc', b'0', NULL),
(1172, 143, 'King Short Shirt - Nobody Go Run Me', 'https://www.youtube.com/watch?v=cINEwJkzFSs', b'0', NULL),
(1173, 143, 'Ricardo Drue - Walking Dead', 'https://www.youtube.com/watch?v=kJOdhXxr-ag', b'0', NULL),
(1174, 143, 'Ricardo Drue - Wi-Fi', 'https://www.youtube.com/watch?v=M9mspC9wiDQ', b'1', NULL),
(1472, 144, 'Bandana - Como Puede Ser', 'https://www.youtube.com/watch?v=M0hvsENxKtQ', b'0', 'Bandana - How Can It Be'),
(1473, 144, 'La Fanfarria del Capitán - Bella Ciao', 'https://www.youtube.com/watch?v=GribZtF-pBo', b'0', 'The Captain''s Fanfare - Goodbye, Beautiful'),
(1474, 144, 'Gilda - No me Arrepiento de este Amor', 'https://www.youtube.com/watch?v=8iUkmnLc1ec', b'0', 'Gilda - I Do Not Regret This Love'),
(1475, 144, 'Illya Kuryaki and the Valderramas - Aguila Amarilla', 'https://www.youtube.com/watch?v=UT5rA0T08Uk', b'0', 'Illya Kuryaki and the Valderramas - Yellow Eagle'),
(1476, 144, 'Kapanga - La Crudita', 'https://www.youtube.com/watch?v=qSUUfTDfXiM', b'0', NULL),
(1477, 144, 'Machito Ponce - Samantha', 'https://www.youtube.com/watch?v=lSoViXKoiC0', b'0', NULL),
(1478, 144, 'Mercedes Sosa - Todo Cambia', 'https://www.youtube.com/watch?v=0khKL3tTOTs', b'0', 'Mercedes Sosa - Everything Changes '),
(1479, 144, 'Miranda! - Ahora Que Soy Cantante', 'https://www.youtube.com/watch?v=gY4aXuBkNG4', b'1', 'Miranda! - Now That I''m a Singer'),
(1480, 144, 'Tanghetto - Planet Earth', 'https://www.youtube.com/watch?v=TdJbzE3k-r0', b'0', NULL),
(1481, 144, 'Virus - Luna de Miel', 'https://www.youtube.com/watch?v=XLSR7rqjilU', b'0', 'Virus - Honeymoon'),
(1482, 144, 'Yerba Brava - Bastará', 'https://www.youtube.com/watch?v=GANCGr4JPm0', b'0', 'Yerba Brava - It Will Be Enough'),
(1495, 145, 'Arame - Ur E', 'https://www.youtube.com/watch?v=WGxDpaFuZRU', b'0', NULL),
(1496, 145, 'Hay TgheQ - Jaki Juki', 'https://www.youtube.com/watch?v=-S-MAiFIpT0', b'0', 'Armenian Boys - Jacques Luke'),
(1497, 145, 'Maria Nalbandian - Won''t Forgive', 'https://www.youtube.com/watch?v=M2haDgxS2P4', b'0', NULL),
(1498, 145, 'Nemra - Shorts', 'https://www.youtube.com/watch?v=vnwZH5jBLew', b'0', NULL),
(1499, 145, 'Reincarnation - Mi Gdal Ser', 'https://www.youtube.com/watch?v=w0BTtlZMXm8', b'0', 'Reincarnation - One Spoon of Love'),
(1500, 145, 'Sirusho - I Still Breathe', 'https://www.youtube.com/watch?v=qD3kfzgbxpo', b'1', NULL),
(1507, 146, 'Hi Bala - Summer Day', 'https://www.youtube.com/watch?v=PWySDaci2qo', b'1', NULL),
(1508, 146, 'Voices of Artsakh - Pahpanner', 'https://www.youtube.com/watch?v=MtQHtqnhWmA', b'0', NULL),
(1523, 147, 'A.B. Original - January 26', 'https://www.youtube.com/watch?v=tZ9qeX4gUeo', b'1', NULL),
(1524, 147, 'The Avalanches - Frontier Psychiatrist', 'https://www.youtube.com/watch?v=qLrnkK2YEcE', b'0', NULL),
(1525, 147, 'David Hudson - Echoes', 'https://www.youtube.com/watch?v=frFRIJjwwus', b'0', NULL),
(1526, 147, 'NoKTuRNL - Woomera', 'https://www.youtube.com/watch?v=x2VsUcyrloM', b'0', NULL),
(1527, 147, 'Shane Howard ft. Archie Roach - Back to Culture', 'https://www.youtube.com/watch?v=QtfsgXuArtI', b'0', NULL),
(1528, 147, 'The Wiggles - Hot Potato/Fruit Salad', 'https://www.youtube.com/watch?v=OZ72_mLcNdM', b'0', NULL),
(1529, 147, 'Yothu Tindi - Treaty', 'https://www.youtube.com/watch?v=Jf-jHCdafZY', b'0', NULL),
(1544, 148, 'Dornenreich - Wer hat Angst von Einsamkeit?', 'https://www.youtube.com/watch?v=ewkHBPa6Lrc', b'0', 'Kingdom of Thorns - Who''s Afraid of Loneliness?'),
(1545, 148, 'Schönheitsfehler - Fuck You', 'https://www.youtube.com/watch?v=W5REaarQJ8w', b'0', NULL),
(1546, 148, 'Christina Stürmer - Vorbei', 'https://www.youtube.com/watch?v=DdHYzeQ8MJo', b'0', 'Christina Stürmer - It''s Over'),
(1547, 148, 'Visions of Atlantis - The Deep & The Dark', 'https://www.youtube.com/watch?v=9s-UeGOuYy4', b'1', NULL),
(1548, 148, 'Lemo - So wie du bist', 'https://www.youtube.com/watch?v=-6QYdxYsMVg', b'0', 'Lemo - The Way You Are'),
(1549, 148, 'Andreas Gabalier - Hulapalu', 'https://www.youtube.com/watch?v=5krScgyxzBI', b'0', NULL),
(1550, 148, 'Opus - Live is Life', 'https://www.youtube.com/watch?v=pATX-lV0VFk', b'0', NULL),
(1565, 149, 'Elvina Mustafazadeh - Bakı', 'https://www.youtube.com/watch?v=G6aetkhXYGw', b'0', NULL),
(1566, 149, 'Natavan Həbibi - Ulduzlar', 'https://www.youtube.com/watch?v=44mc97Xes5Q', b'0', 'Natavan Həbibi - Stars'),
(1567, 149, 'Eldar Gasimov - 1&Only', 'https://www.youtube.com/watch?v=cWcsYZNe_uU', b'0', NULL),
(1568, 149, 'Aygü Kazımova ft. Snoop Dogg - Coffee From Colombia', 'https://www.youtube.com/watch?v=dseGdBmMGXE', b'1', NULL),
(1569, 149, 'Aziza Mustafa Zadeh - Sunny Rain', 'https://www.youtube.com/watch?v=uGAOyX6IPwc', b'0', NULL),
(1570, 149, 'Orxan Zeynallı ft. Ayka - M', 'https://www.youtube.com/watch?v=DmfDOzFPPOI', b'0', NULL),
(1571, 149, 'Miri Yusif ft. DJ Matuya - Bomba Kimi', 'https://www.youtube.com/watch?v=sGT_NG2UK_A', b'0', 'Miri Yusif ft. DJ Matuya - Like a Bomb'),
(1577, 150, 'Baha Men - Night & Day', 'https://www.youtube.com/watch?v=mXlzHjubkXg', b'0', NULL),
(1578, 150, 'Julien Believe ft. Bunji Garlin - Live and Wine', 'https://www.youtube.com/watch?v=e_mO4BKvrRs', b'0', NULL),
(1579, 150, 'K.B. - Boy U Don''t Know Me Eh?', 'https://www.youtube.com/watch?v=leRJqvOlDGE', b'0', NULL),
(1580, 150, 'Stileet - Shibby Bam Bam', 'https://www.youtube.com/watch?v=c8oE3aoIPuo', b'0', NULL),
(1581, 150, 'Baha Men - Off the Leash', 'https://www.youtube.com/watch?v=fGUZgzq9Ocw', b'1', NULL),
(1582, 150, 'Angelique Sabrina - Right Now', 'https://www.youtube.com/watch?v=bqcOHlzYFyo', b'0', NULL),
(1588, 151, 'Hala Al Turk - Happy Happy', 'https://www.youtube.com/watch?v=X_DeGCloQWg', b'0', NULL),
(1589, 151, 'Hala ft. Julian - Ok Habibi', 'https://www.youtube.com/watch?v=5cYMsaJGxls', b'1', NULL),
(1590, 151, 'Osiris - Myths & Legends', 'https://www.youtube.com/watch?v=N2tcW6nFhr4', b'0', NULL),
(1591, 151, 'Hot Laser - Crazy Angel', 'https://www.youtube.com/watch?v=5oD9p8B1MNk', b'0', NULL),
(1592, 151, 'Flamingods - Taboo Groves', 'https://www.youtube.com/watch?v=KyxG2sIxDA0', b'0', NULL),
(1679, 153, '2 Mile Hill - Get Over', 'https://www.youtube.com/watch?v=e2UhDErL2V0', b'0', NULL),
(1680, 153, 'Krosfyah ft. Khiomal - Start De Madness', 'https://www.youtube.com/watch?v=RjX4BZFZxnM', b'1', NULL),
(1681, 153, 'Charles D. Lewis - Another Friday Night', 'https://www.youtube.com/watch?v=F8wcku0zE2Y', b'0', NULL),
(1682, 153, 'Shontelle - Perfect Nightmare', 'https://www.youtube.com/watch?v=3ZYRgehIIVg', b'0', NULL),
(1683, 153, 'Krosfyah - Work It', 'https://www.youtube.com/watch?v=rM_wsrbXkv4', b'0', NULL),
(1684, 155, 'AnnaGrace - Let The Feelings Go', 'https://www.youtube.com/watch?v=eEmOSjGONuA', b'0', NULL),
(1685, 155, 'Diablo Blvd - The Future Will Do What It''s Told', 'https://www.youtube.com/watch?v=QzG12wXR_6s', b'0', NULL),
(1686, 155, 'Lio - Sage Comme Une Image', 'https://www.youtube.com/watch?v=0Bywahz2zCo', b'0', 'Lio - As Good as Gold'),
(1687, 155, 'Stromae - Papaoutai', 'https://www.youtube.com/watch?v=oiKj0Z_Xnjc', b'1', 'Stromae - Dad, Where Are You?'),
(1688, 155, 'Gwyllions - I Can Hear Music', 'https://www.youtube.com/watch?v=S_UxKdDmELs', b'0', ''),
(1689, 155, 'Zap Mama - Miss Q''n', 'https://www.youtube.com/watch?v=2rB6-GWmPOo', b'0', NULL),
(1690, 156, 'Andy Palacio - Gi mi Punta Rock', 'https://www.youtube.com/watch?v=lztsD-fBL8c', b'0', NULL),
(1691, 156, 'Mr. Peters - Waves (Piano Version)', 'https://www.youtube.com/watch?v=1IkZ1CodIgs', b'1', NULL),
(1692, 156, 'Shyne - Frank Matthews', 'https://www.youtube.com/watch?v=dkaSmplaM7Y', b'0', NULL),
(1693, 156, 'Umalali & The Garifuna Collective - Fuleisei', 'https://www.youtube.com/watch?v=tVs6azqdqi4', b'0', NULL),
(1694, 156, 'Bella Carib - I AM HURRICANE BELLA', 'https://www.youtube.com/watch?v=0EUWFLM-geI', b'0', NULL),
(1700, 157, 'Angélique Kidjo - Once In A Lifetime', 'https://www.youtube.com/watch?v=Z84rtbVbIEQ', b'1', NULL),
(1701, 157, 'Dibi Dobo - Kpêdé', 'https://www.youtube.com/watch?v=ukfiIwK2GTk', b'0', NULL),
(1702, 157, 'Blaaz - Petite soeur', 'https://www.youtube.com/watch?v=CJQ49-2w2-U', b'0', 'Blaaz - Little Sister'),
(1703, 157, 'Angélique Kidjo - Bomba', 'https://www.youtube.com/watch?v=R_OsCfXPFWg', b'0', NULL),
(1704, 157, 'Zeynab - Si J''étais Riche', 'https://www.youtube.com/watch?v=0F4iyMLESPo', b'0', 'Zeynab - If I Were Rich'),
(1732, 159, 'Mayra Gonzales - Más Que Eso', 'https://www.youtube.com/watch?v=fGSGzGWU0Ow', b'0', 'Mayra Gonzales - More Than That '),
(1733, 159, 'Tierra Alta - Estar Sin Ti', 'https://www.youtube.com/watch?v=-hcbnL8bwPI', b'0', 'Tierra Alta - To Be Without You'),
(1734, 159, 'Los Ronisch - Te Amo Te Extraño', 'https://www.youtube.com/watch?v=Caqlj9Qxmc4', b'1', 'Los Ronisch - I Love You I Miss You '),
(1735, 159, 'Chila Jatun - Boquita de Miel', 'https://www.youtube.com/watch?v=Dqqgg22ljM8', b'0', 'Chila Jatun - Mouth of Honey'),
(1736, 159, 'Octavia - Redención', 'https://www.youtube.com/watch?v=EKYxAwVE-GA', b'0', 'Octavia - Redemption'),
(1737, 159, 'Avionica ft. Francisca Valenzuela - Distante   ', 'https://www.youtube.com/watch?v=B2esmLQPzPU', b'0', 'Avionica ft. Francisca Valenzuela - Distant'),
(1743, 158, 'Lama Gyurme & Sébastien Lucas - Mantra of Purification', 'https://www.youtube.com/watch?v=Wpm4_RkhN14', b'0', NULL),
(1744, 158, 'Yeshi Bidha ft. Kezang Dorji - Gokab', 'https://www.youtube.com/watch?v=_VKqpZosho8', b'0', 'Yeshi Bidha ft. Kezang Dorji - Chance'),
(1745, 158, 'Pema Dechen - 21 Tara Lullaby', 'https://www.youtube.com/watch?v=dDkS4NVBeaM', b'1', NULL),
(1746, 158, 'Sonam Wangchen - Ya Taru Ma Taru', 'https://www.youtube.com/watch?v=aJ9i2O-GvdA', b'0', NULL),
(1747, 158, 'Kruxibles, Kinley Wangchuk, Karma Euden, JD, Kezang Dorji - Jabshu Machab', 'https://www.youtube.com/watch?v=O-VKGexsHEk', b'0', NULL),
(1748, 154, 'Krambambulya - Heta Nia Vietraź', 'https://www.youtube.com/watch?v=W7w7MvqxdT4', b'0', 'Krambambulya - It''s Not a Sail'),
(1749, 154, 'Angelica Agurbash - Ptichka', 'https://www.youtube.com/watch?v=PAyecepprKE', b'0', 'Angelica Agurbash - Birdie'),
(1750, 154, 'Nadezhda Misyakova - Sokal', 'https://www.youtube.com/watch?v=StP4W-7gDcQ', b'0', 'Nadezhda Misyakova - Falcon'),
(1751, 154, 'Open Space - Get Away', 'https://www.youtube.com/watch?v=IVO4puEvJI0', b'0', NULL),
(1752, 154, 'Brutto - Рокi', 'https://www.youtube.com/watch?v=YoHBzEJ81yA', b'1', 'Brutto - Rocky'),
(1753, 154, 'Fantastiques - Beautiful Terminator', 'https://www.youtube.com/watch?v=tKsi5G1lUIM', b'0', NULL),
(1754, 154, 'NAVIBAND - Abdymi Mianie', 'https://www.youtube.com/watch?v=q9yHL_tcTik', b'0', 'NAVIBAND - Hug Me'),
(1755, 154, 'STARY OLSA - Vitaut', 'https://www.youtube.com/watch?v=wJ64E9hWxcA', b'0', NULL),
(1761, 160, 'Maya Berović - Opasne vode', 'https://www.youtube.com/watch?v=vQYK4OXfHH0', b'0', 'Maya Berović - Dangerous Waters'),
(1762, 160, 'Maya Sar - Naša ljubav, naša kuća', 'https://www.youtube.com/watch?v=NPwwQ-gQvr4', b'0', 'Maya Sar - Our Love, Our House'),
(1763, 160, 'Bijelo Dugme - Za Esmu', 'https://www.youtube.com/watch?v=3lkJ8HRXTMw', b'0', 'Bijelo Dugme - For Esma'),
(1764, 160, 'Dubioza kolektiv - No Escape (from Balkan)', 'https://www.youtube.com/watch?v=jtgA0jvhp2A', b'1', NULL),
(1765, 160, 'Elvir Lakovic Laka - Piskila', 'https://www.youtube.com/watch?v=yt3cRfsK3Rw', b'0', NULL),
(1766, 161, 'Zeus - Im Out My Mind', 'https://www.youtube.com/watch?v=AmVO8qblMlA', b'0', NULL),
(1767, 161, 'MMP Family - Gao Tagilwe', 'https://www.youtube.com/watch?v=f7PKUVuO6Y8', b'0', NULL),
(1768, 161, 'Skinflint - Birds and Milk Bloody Milk', 'https://www.youtube.com/watch?v=JUJxlT426No', b'0', NULL),
(1769, 161, 'Charma Gal - Mokolodi', 'https://www.youtube.com/watch?v=K1Fz1hTauFY', b'1', NULL),
(1803, 162, 'Pabllo Vittar - Corpo Sensual', 'https://www.youtube.com/watch?v=q6Lw6k7k9Rk', b'0', 'Pabllo Vittar - Sensual Body'),
(1804, 162, 'Dream Team do Passinho - Oi Sumido', 'https://www.youtube.com/watch?v=olQXbUe2fd8', b'0', 'Passinho''s Dream Team - Hello Stranger'),
(1805, 162, 'Anitta ft. Maluma - Sim Ou Não', 'https://www.youtube.com/watch?v=7Yrghfw1eNo', b'0', 'Anitta feat. Maluma - Yes or No'),
(1806, 162, 'Supla - Garota de Berlim', 'https://www.youtube.com/watch?v=2qk3IbODzIs', b'0', 'Supla - Girl from Berlin'),
(1807, 162, 'Heavy Baile ft. Tati Quebra Barraco, Lia Clark - Berro', 'https://www.youtube.com/watch?v=NzILPU8PG2s', b'0', 'Heavy Baile ft. Tati Quebra Barraco, Lia Clark - Scream'),
(1808, 162, 'Skank - É Uma Partida De Futebol', 'https://www.youtube.com/watch?v=7Ie4oL17Nwc', b'0', 'Skank - It''s A Football Match'),
(1809, 162, 'Ludmilla - Sou Eu', 'https://www.youtube.com/watch?v=8aQTjEotXVw', b'0', 'Ludmilla - It''s Me'),
(1810, 162, 'Tim Maia - Descobridor Dos Sete Mares', 'https://www.youtube.com/watch?v=W5ZCxHBh28k', b'1', 'Tim Maia - Discoverer of the Seven Seas'),
(1811, 162, 'Pitty - Teto de Vidro', 'https://www.youtube.com/watch?v=hWhl6ijsAXw', b'0', 'Pitty - Glass Ceiling'),
(1812, 162, 'Os Paralamas do Sucesso - Cinema Mudo', 'https://www.youtube.com/watch?v=qM0i7D8AOF8', b'0', 'The Paralamas of Success - Silent Cinema'),
(1813, 162, 'Legião Urbana - Há Tempos', 'https://www.youtube.com/watch?v=8z-fxcdHmDE', b'0', 'Urban Legion - Long Ago'),
(1824, 163, 'D''hask - Kamu, Adalah Mimpi Buruk Ku', 'https://www.youtube.com/watch?v=kgpdgR2d9mY', b'0', 'D''hask - You, Are My Nightmare'),
(1825, 163, 'Eqah - If It Isn''t With You', 'https://www.youtube.com/watch?v=BotnvsUvWiE', b'0', NULL),
(1826, 163, 'D''hask - Tempat Ku', 'https://www.youtube.com/watch?v=bzK_t1q8dL4', b'0', 'D''hask - My Place'),
(1827, 163, 'Ezah Hashim - Tertulis', 'https://www.youtube.com/watch?v=sJQ3PD5JdVY', b'0', 'Ezah Hashim - It''s Written'),
(1828, 163, 'Maria Aires - Kamu Menganggu', 'https://www.youtube.com/watch?v=iO_zxJTHy5s', b'1', 'Maria Aires - You''re Annoying'),
(1836, 164, 'Nasekomix - Amore Mio', 'https://www.youtube.com/watch?v=IHhHGF7nvuQ', b'0', 'Nasekomix - My Love'),
(1837, 164, 'Review - Poslanie', 'https://www.youtube.com/watch?v=RvMY2UGJz3c', b'1', 'Review - Message'),
(1838, 164, 'Mariana Popova ft. Miro - Kadosh', 'https://www.youtube.com/watch?v=pGtueslCWiU', b'0', 'Mariana Popova ft. Miro - Holy'),
(1839, 164, 'Slav de Hren - Gnomus', 'https://www.youtube.com/watch?v=CmdpJPxcVWU', b'0', NULL),
(1840, 164, 'Petia - It''s Not Heaven', 'https://www.youtube.com/watch?v=rnJLqGV4ajQ', b'0', NULL),
(1841, 164, 'Ostava - Leka Nosht', 'https://www.youtube.com/watch?v=IhwrKsA9AmQ', b'0', 'Ostava - Goodnight'),
(1842, 164, 'Ani Hoang - Stoy Dalech Ot Men', 'https://www.youtube.com/watch?v=WinjLonSPns', b'0', 'Ani Hoang - Stay Away from Me'),
(1853, 165, 'Bebeto Bongo - Zongou Zongou', 'https://www.youtube.com/watch?v=P3XJwnc2v3o', b'0', NULL),
(1854, 165, 'Greg Burkimbila - F''pada Porin', 'https://www.youtube.com/watch?v=_vAZXxRyGEY', b'0', NULL),
(1855, 165, 'Farafina - Miribali', 'https://www.youtube.com/watch?v=qUmaHEaxU_8', b'0', NULL),
(1856, 165, 'Tiness La Deesse - Dans la joie', 'https://www.youtube.com/watch?v=49FVDISk-ag', b'1', 'Tiness La Deesse - In Joy'),
(1857, 165, 'Imilo Lechanceux - Warb Nooma', 'https://www.youtube.com/watch?v=cRiSCj_Ewcc', b'0', NULL),
(1868, 166, 'Ashley Diva - Siku Mbili', 'https://youtu.be/MCSVxZgbj0o', b'0', NULL),
(1869, 166, 'Khadja Nin - Wale Watu', 'https://www.youtube.com/watch?v=wGJBdZHaEqA', b'0', NULL),
(1870, 166, 'Happy Famba - My Time', 'https://www.youtube.com/watch?v=UASi3JGdLhE', b'0', NULL),
(1871, 166, 'Sat-B - Satura Amabafle', 'https://www.youtube.com/watch?v=-VPOVBQdbUc', b'1', NULL),
(1872, 166, 'Happy Famba ft. Krazy Bright & Channy Queen - Collabo', 'https://www.youtube.com/watch?v=BYnQfd9JaRs', b'0', NULL),
(1891, 167, 'Finaçon - Si manera', 'https://www.youtube.com/watch?v=Lalc1AE9Vv4', b'0', NULL),
(1892, 167, 'Jenifer Solidade - Largam da mon', 'https://www.youtube.com/watch?v=hJ-0F_KHLf8', b'0', NULL),
(1893, 167, 'Jennifer Dias ft. Elji Beatzkilla - Loco', 'https://www.youtube.com/watch?v=Ma_2SJTwcQU', b'0', 'Jennifer Dias ft. Elji Beatzkilla - Crazy'),
(1894, 167, 'Elida Almeida ft. Djodje - É Zonban', 'https://www.youtube.com/watch?v=JcjZPBN2MXE', b'1', 'Elida Almeida ft. Djodje - He Mocked Me'),
(1895, 167, 'Suzanna Lubrano - Tudo Pa Bo', 'https://www.youtube.com/watch?v=gAgnhSt-e5Q', b'0', NULL),
(1896, 167, 'Tcheka - Djan Bedja', 'https://www.youtube.com/watch?v=INNclmmsSe4', b'0', NULL),
(1897, 167, 'Gil Semedo - Disusperu', 'https://www.youtube.com/watch?v=iORJUlas9Y0', b'0', 'Gil Semedo - Dismayed'),
(1898, 167, 'Neuza - Volta Pa Mim', 'https://www.youtube.com/watch?v=XfZgTPnKE_M', b'0', 'Neuza - Come Back to Me'),
(1899, 167, 'Nelson Freitas - Nubian Queen', 'https://www.youtube.com/watch?v=rpuwnSxy-40', b'0', NULL),
(1936, 169, 'Charlotte Mbango - Nguina mulema', 'https://www.youtube.com/watch?v=BQF52c0JYuw', b'0', NULL),
(1937, 169, 'Gasha ft. Zegeman - The Date', 'https://www.youtube.com/watch?v=0sVNk4AyJ_Y', b'1', NULL),
(1938, 169, 'Lapiro de Mbanga - Over Done', 'https://www.youtube.com/watch?v=pzBbHqhLQi0', b'0', NULL),
(1939, 169, 'Eddy Bee - Shake', 'https://www.youtube.com/watch?v=U8_uj01ifZg', b'0', NULL),
(1940, 169, 'Naomi Achu - Alhadji', 'https://www.youtube.com/watch?v=Le9u29UtvaM', b'0', NULL),
(1941, 169, 'Wax Dey - Will You Be My Wifey', 'https://www.youtube.com/watch?v=byl-F7aFJ9I', b'0', NULL),
(1952, 170, 'Gazoline - Parfaite', 'https://www.youtube.com/watch?v=RudcpdkRWtE', b'0', NULL),
(1953, 170, 'Snotty Nose Rez Kids - Clash of the Clans', 'https://www.youtube.com/watch?v=W4UersvGsIs', b'0', NULL),
(1954, 170, 'Eekwol - Too Sick', 'https://www.youtube.com/watch?v=0XuYikRUl7g', b'0', NULL),
(1955, 170, 'Inez Jasper - Dancin'' on the Run', 'https://www.youtube.com/watch?v=QgOluBcedw0', b'1', NULL),
(1956, 170, 'Trans-X - Through the Eyes of the 90''s', 'https://www.youtube.com/watch?v=fOOOu_DqWuc', b'0', NULL),
(1957, 170, 'Dionysos - Vancouver', 'https://www.youtube.com/watch?v=zJhhud_jvl8', b'0', NULL),
(1958, 170, 'Yelo Molo - Malaise', 'https://www.youtube.com/watch?v=bAiGvbWh5mk', b'0', NULL),
(1959, 170, 'The Jerry Cans - Qanurli Isumavit', 'https://www.youtube.com/watch?v=LKYsAI6WYaU', b'0', 'The Jerry Cans - What Do You Think of It?'),
(1960, 170, 'Northern Haze - Nutaraq', 'https://www.youtube.com/watch?v=mrg4LYl72vc', b'0', 'Northern Haze - Poor Child'),
(1961, 170, 'JB The First Lady - Planting Seeds', 'https://www.youtube.com/watch?v=T1a1MsVu6X8', b'0', NULL),
(1972, 171, 'Laetitia Zonzambé - Dodo', 'https://www.youtube.com/watch?v=aFneqqCgt_o', b'0', 'Laetitia Zonzambé - Dance!'),
(1973, 171, 'HK ft. Idylle Mamba, P Wayne - A ké ti', 'https://www.youtube.com/watch?v=yUFJnDeABF0', b'0', NULL),
(1974, 171, 'Idylle Mamba - Sango et Vous', 'https://www.youtube.com/watch?v=F_oaHMAU9v4', b'0', 'Idylle Mamba - Sango and You'),
(1975, 171, 'Umoya - Kalisia (Lord of the Forest)', 'https://www.youtube.com/watch?v=bbuoByt3rHw', b'0', NULL),
(1976, 171, 'Laetitia Zonzambé - Messia (Mademoiselle)', 'https://www.youtube.com/watch?v=ShhjHerJ8-Y', b'1', ''),
(1992, 172, 'Clément Masdongar - Yondaka', 'https://www.youtube.com/watch?v=nxjnyGFUWJY', b'0', NULL),
(1993, 172, 'Mounira Mitchala - Tourabi', 'https://www.youtube.com/watch?v=7L5t0xJDkIc', b'0', NULL),
(1994, 172, 'IZra & Élété - Yang''ha Yangha Girls', 'https://www.youtube.com/watch?v=qillpm0u72k', b'0', NULL),
(1995, 172, 'Mounira Mitchala - Zarlie', 'https://www.youtube.com/watch?v=eeLg11IE2v0', b'0', NULL),
(1996, 172, 'Mawndoé ft. Djamila - Djobo', 'https://www.youtube.com/watch?v=0QurOBwccNs', b'1', NULL),
(2025, 173, 'Electrodomésticos - El calor', 'https://www.youtube.com/watch?v=86aVN9YzxPM', b'0', 'Electrical Appliances - The Heat'),
(2026, 173, 'Los Prisioneros - Corazones Rojos', 'https://www.youtube.com/watch?v=zNEqNxwQGDo', b'0', 'The Prisoners - Red Hearts'),
(2027, 173, 'Javiera Mena - Espada', 'https://www.youtube.com/watch?v=GqNTdNCU2y8', b'0', 'Javiera Mena - Sword'),
(2028, 173, 'La Mano Ajena - Favella', 'https://www.youtube.com/watch?v=xnkXO6J-djc', b'0', 'The Alien Hand - Speech'),
(2029, 173, 'Camila Silva - Estrella Con Travesia', 'https://www.youtube.com/watch?v=IxcMyMJJa4o', b'0', 'Camila Silva - Star with Crossing'),
(2030, 173, 'Pscuala Ilabaca y Fauna - Ya no Esperes Más', 'https://www.youtube.com/watch?v=W1Grj3_qdZI', b'0', 'Pascuala Ilabaca and Fauna - Wait No More'),
(2031, 173, 'Movimiento Original - Natural', 'https://www.youtube.com/watch?v=L7Jx-VHxMEU', b'0', 'Original Movement - Natural'),
(2032, 173, 'Denise Rosenthal - Bye Bye', 'https://www.youtube.com/watch?v=pbw-aCNjTE4', b'0', NULL),
(2033, 173, 'Alex Anwandter - Cordillera', 'https://www.youtube.com/watch?v=oSXWXeFa-cs', b'0', NULL),
(2034, 173, 'MediaBanda - El Sofá', 'https://www.youtube.com/watch?v=FgBoGceWDxg', b'0', 'MediaBanda - The Sofa'),
(2035, 173, 'Denise Rosenthal - Déjate llevar', 'https://www.youtube.com/watch?v=phaMeTBoJiM', b'1', 'Denise Rosenthal - Let Yourself Go'),
(2036, 173, 'Guachupé - Josefina', 'https://www.youtube.com/watch?v=Iti2cFTp5IY', b'0', NULL),
(2037, 173, 'Amanitas - Me Desvelo', 'https://www.youtube.com/watch?v=Tp6A89ROBCM', b'0', 'Amanitas - I Stayed Awake'),
(2038, 173, 'Ana Tijoux - Shock', 'https://www.youtube.com/watch?v=177-s44MSVQ', b'0', NULL),
(2155, 174, 'Jane Zhang - Rúguǒ Zhè Jiùshì Àiqíng', 'https://www.youtube.com/watch?v=iA0Uxzs_Qow', b'0', 'Jane Zhang - If This Is Love'),
(2156, 174, 'Birdstriking - Ka Ka Ka Ka', 'https://www.youtube.com/watch?v=ak_3lJTXQKk', b'0', NULL),
(2157, 174, 'Hang On the Box - Ass Hole, I''m Not Your Baby', 'https://www.youtube.com/watch?v=FmhTV8srQWU', b'1', NULL),
(2158, 174, 'Ada Zhuang - Liǎng Gè Rén De Huíyì Yīgèrénguò ', 'https://www.youtube.com/watch?v=cJ9MVn2_yLw', b'0', 'Aza Zhuang - The Memories of Two People Live Alone'),
(2159, 174, 'Tang Dynasty - Yuè Mèng', 'https://www.youtube.com/watch?v=-wJVoDcPVWk', b'0', 'Tang Dynasty - Moon Dream'),
(2160, 174, 'Demerit - Fuck the Schemers', 'https://www.youtube.com/watch?v=_60AFrD4ZrU', b'0', NULL),
(2161, 174, 'Black Panther - Don''t Break My Heart', 'https://www.youtube.com/watch?v=WLUbs0rCQlI', b'0', NULL),
(2162, 174, 'G.E.M. - Dàoshǔ', 'https://www.youtube.com/watch?v=ma7r2HGqwXs', b'0', 'G.E.M. - Countdown'),
(2163, 174, 'Chinese Football - Electric Girl', 'https://www.youtube.com/watch?v=fYIRRGZdrTo', b'0', NULL),
(2164, 174, 'Barque of Dante - Ocean of Dreams', 'https://www.youtube.com/watch?v=kHRbvmGcCB8', b'0', NULL),
(2165, 174, 'S.I.N.G - Moonlight Thoughts', 'https://www.youtube.com/watch?v=rbUzPzlcboU', b'0', NULL),
(2166, 174, 'SMZB - Scream for Life', 'https://www.youtube.com/watch?v=yEMLJly5l74', b'0', NULL),
(2167, 174, 'Feng TiMo - Zàijiàn Qiánrèn', 'https://www.youtube.com/watch?v=k2U24baTUb8', b'0', 'Feng TiMo - Goodbye Ex'),
(2168, 174, 'GriffO - TAMAGOTCHI', 'https://www.youtube.com/watch?v=CBZy6_sf80E', b'0', NULL),
(2169, 174, 'VOOID - Into the Void', 'https://www.youtube.com/watch?v=K5-WVW73ji4', b'0', NULL),
(2170, 174, 'Ekin Cheng - Yǒuqíng Suìyuè', 'https://www.youtube.com/watch?v=4X32WZ7EuO8', b'0', 'Ekin Cheng - Friendship Years'),
(2171, 174, 'Dou Wei - Ō! Guāi', 'https://www.youtube.com/watch?v=NBhyRzoNJpw', b'0', 'Dou Wei - Be Good, Boy!'),
(2172, 174, 'Jacky Cheung ft. Francesca Kao - Nǐ Zuì Zhēnguì', 'https://www.youtube.com/watch?v=CP9rE05I4lU', b'0', 'Jacky Cheung ft. Francesca Kao - Your Most Precious'),
(2173, 174, 'Hedgehog - Tree', 'https://www.youtube.com/watch?v=kto8oONBQHo', b'0', NULL),
(2174, 174, 'Jackie Chan & KUN - Yīqǐ Xiào Chūlái', 'https://www.youtube.com/watch?v=OaPnQS6SLjI', b'0', 'Jackie Chan & KUN - Laugh Together'),
(2175, 174, 'FAMA - Jǔ Gāo Zhī Shǒu', 'https://www.youtube.com/watch?v=b7-o2JqLzVk', b'0', 'FAMA - Raise One Hand'),
(2176, 174, 'SMZB - The Chinese Are Coming', 'https://www.youtube.com/watch?v=AQ_DccQKj0Q', b'0', NULL),
(2177, 174, 'The Marshmallow Kisses - Everyone Else Is Ahead Far Ahead', 'https://www.youtube.com/watch?v=pJLX5C4mpxE', b'0', NULL),
(2178, 174, '8 Eye Spy - Conditioning', 'https://www.youtube.com/watch?v=QQuYDGi1YyM', b'0', NULL),
(2179, 174, 'Doc Talk Shock - Futurist', 'https://www.youtube.com/watch?v=WvxafxBZmHY', b'0', NULL),
(2180, 174, 'Feng TiMo - Shì Shíwù Zhě Wéi Jùnjié', 'https://www.youtube.com/watch?v=PIYva_5d6gg', b'0', 'Feng TiMo - The One Who Knows Food is the Wise Man '),
(2181, 174, 'Silence Wang - Yīxiào Qīngchéng', 'https://www.youtube.com/watch?v=dCqqqyeZGjM', b'0', 'Silence Wang - A Smile on the City'),
(2182, 174, 'Xie Tianxiao - Rén Wú Xìngmíng', 'https://www.youtube.com/watch?v=nau23Nv0Vts', b'0', 'Xie Tianxiao - Person without Name'),
(2183, 174, 'Rainbow Danger Club - Once Upon a Time', 'https://www.youtube.com/watch?v=FvQl0G9LDtE', b'0', NULL),
(2184, 168, 'Sokun Nisa - Di Da Da', 'https://www.youtube.com/watch?v=hCNjgMFwUyw', b'0', NULL),
(2185, 168, 'Laura Mam - Tear Me Down', 'https://www.youtube.com/watch?v=PvBIVywaH8M', b'0', NULL),
(2186, 168, 'Adda Angel - Like Like', 'https://music.youtube.com/watch?v=3g6MDWwD0E8', b'1', NULL),
(2187, 168, 'Meas Soksophea - Mneakeng Min Slab Te', 'https://www.youtube.com/watch?v=Oi638vRiB2c', b'0', 'Meas Soksophea - Do Not Die Alone'),
(2188, 168, 'Laura Mam ft. Andrew Mam - Since You''ve Been Gone', 'https://www.youtube.com/watch?v=l_QXc16yNnE', b'0', NULL),
(2189, 168, 'Khemarak Sereymun - Sad Man', 'https://www.youtube.com/watch?v=FdiTw78KuMI', b'0', NULL),
(2240, 175, 'Karol G - Mi Cama', 'https://www.youtube.com/watch?v=8-mloCL49vs', b'0', 'Karol G - My Bed'),
(2241, 175, 'I.R.A. - La Nueva Esclavitud', 'https://www.youtube.com/watch?v=vW-ZTPsUbMU', b'0', 'I.R.A. - The New Slavery'),
(2242, 175, 'Bonka ft. Cali Y El Dandee - La Botella', 'https://www.youtube.com/watch?v=Lfyl9Y-YWWU', b'1', 'Bonka ft. Cali Y El Dandee - The Bottle'),
(2243, 175, 'Odio a Botero - Salchipapas y Rock N'' Roll', 'https://www.youtube.com/watch?v=MnDa0_jzI24', b'0', NULL),
(2244, 175, 'Bomba Estéreo - Bailar Conmigo', 'https://www.youtube.com/watch?v=jR3WTRDV1bA', b'0', 'Stereo Bomb - Dance With Me '),
(2245, 175, 'Marce - Jenny', 'https://www.youtube.com/watch?v=JFyTsySBAR4', b'0', NULL),
(2246, 175, 'Emily Has Fallen - Amor En Las Rocas', 'https://www.youtube.com/watch?v=skDOxhlcHow', b'0', 'Emily Has Fallen - Love on the Rocks'),
(2247, 175, 'ChocQuibTown - Hasta Que Amanezca', 'https://www.youtube.com/watch?v=BzWxiOaDLKc', b'0', 'ChocquibTown - Until Dawn'),
(2248, 175, 'Chite - La Punkera de Mi Barrio', 'https://www.youtube.com/watch?v=X9KJHc_LseM', b'0', 'Chite - The Punk from my Neighborhood'),
(2249, 175, 'La Severa Matacera - Noche de Perdición', 'https://www.youtube.com/watch?v=JrTAHKq1JBA', b'0', 'La Severa Matacera - Night of Doom'),
(2250, 175, 'Nadie - Emilio Dice', 'https://www.youtube.com/watch?v=jRN1E_75ZpU', b'0', 'Nadie - Emilio Says'),
(2251, 175, 'Mauricio & Palo de Agua - Dame Tu Amor', 'https://www.youtube.com/watch?v=2iYZEKlsrzU', b'0', 'Mauricio & Palo de Agua - Give me your Love'),
(2252, 175, 'Sidestepper - Mas Papaya', 'https://www.youtube.com/watch?v=QAF5Dbah3rw', b'0', 'Sidestepper - More Papaya'),
(2253, 175, 'Sin Pudor - Hijos del cemento', 'https://www.youtube.com/watch?v=qYdOLonNcrc', b'0', 'Shameless - Children of Cement'),
(2254, 176, 'Goulam - Mama', 'https://www.youtube.com/watch?v=9d82v7luoas', b'1', NULL),
(2255, 176, 'Sourette - M''épouser', 'https://www.youtube.com/watch?v=WPGjMbZb2hQ', b'0', 'Sourette - Marry Me'),
(2256, 176, 'Says''z - Idéal', 'https://www.youtube.com/watch?v=GgfYibhvmvc', b'0', 'Says''z - Ideal'),
(2257, 176, 'Chamsia Sagaf ft. Naïma - Moina', 'https://www.youtube.com/watch?v=yPBhQmmA0Qc', b'0', NULL),
(2268, 177, 'Pierrette Adams - Mama Africa', 'https://www.youtube.com/watch?v=d_ecIYEQNII', b'0', NULL),
(2269, 177, 'Niasony - Koluka - Your Voice', 'https://www.youtube.com/watch?v=q9npnAMQRLM', b'1', NULL),
(2270, 177, 'Bisso na Bisso - Show ce soir', 'https://www.youtube.com/watch?v=F10ZOAVuclQ', b'0', 'Bisso na Bisso - Show Tonight'),
(2271, 177, 'Youlou Mabiala - Maka', 'https://www.youtube.com/watch?v=IlVJqkJ8w18', b'0', NULL),
(2272, 177, 'Dany Engobo - Akouli', 'https://www.youtube.com/watch?v=UWkZxCFsixg', b'0', NULL),
(2295, 178, 'Cindy le Coeur ft. Koffi Olomide - Koupé', 'https://www.youtube.com/watch?v=X_LPTURxVTo', b'0', NULL),
(2296, 178, 'Icha Kavons ft. Kambua - Miracle Baba', 'https://www.youtube.com/watch?v=QeduHERnLR4', b'0', 'Icha Kavons ft. Kambua - Miracle Father'),
(2297, 178, 'Awilo Longomba ft. Tiwa Savage - Esopi Yo', 'https://www.youtube.com/watch?v=cUmPcT26Hjo', b'0', NULL),
(2298, 178, 'Barbara Kanam ft. Fally Ipupa - Noir et Blanc', 'https://www.youtube.com/watch?v=7hG5M8LLFMQ', b'0', 'Barbara Kanam ft. Fally Ipupa - Black and White'),
(2299, 178, 'Nathalie Makoma - Jump For Life', 'https://www.youtube.com/watch?v=k7dDUolVMeo', b'0', NULL),
(2300, 178, 'Diblo Dabala - Stoya', 'https://www.youtube.com/watch?v=Wsqt8XW-V7k', b'0', NULL),
(2301, 178, 'Kalash Criminel - Piano Sombre', 'https://www.youtube.com/watch?v=UVb2AE78uS0', b'0', 'Kalash Criminel - Dark Piano'),
(2302, 178, 'Icha Kavons - Testimony', 'https://www.youtube.com/watch?v=NCwpHamvoHA', b'0', NULL),
(2303, 178, 'Kaysha - Diamonds', 'https://www.youtube.com/watch?v=eJ0_qMhKurM', b'0', NULL),
(2304, 178, 'Innoss''B ft. Koffi Olomide - Elengi', 'https://www.youtube.com/watch?v=ckONJNODHW8', b'0', NULL),
(2305, 178, 'Maître Gims - Est-ce que tu m''aimes?', 'https://www.youtube.com/watch?v=6TpyRE_juyA', b'1', 'Maître Gims - Do You Love Me?'),
(2345, 179, 'Family In Trust - Yummy', 'https://www.youtube.com/watch?v=Cjscm6naN44', b'0', NULL),
(2346, 179, 'T''Angelo - Tamaka-Spike', 'https://www.youtube.com/watch?v=2GYHvJ_-OrU', b'0', NULL),
(2347, 179, 'Zerynah Hugs - Shifty', 'https://www.youtube.com/watch?v=N-_4Th3hiqU', b'1', NULL),
(2348, 179, '2 Pouz Fynist - Osana / Te Pati Akatengu Atu Nei', 'https://www.youtube.com/watch?v=NcrySDB0Msc', b'0', NULL),
(2349, 179, 'Melissa Gosselin - Rarotonga Ipukarea / Just One Look', 'https://www.youtube.com/watch?v=XGprooBJaWw', b'0', NULL),
(2350, 179, 'Mehara - Haruru Te Patiri', 'https://www.youtube.com/watch?v=9cjIVBzploA', b'0', 'Mehara - The Thunder Roared'),
(2366, 180, 'Malas Palabras - Despreocúpese Ante el Merengue', 'https://www.youtube.com/watch?v=b7mhRSH6pSQ', b'0', 'Bad Words - Don''t Worry About Meringue'),
(2367, 180, 'Éditus - Día y Noche', 'https://www.youtube.com/watch?v=0FHgoHVMcrY', b'0', 'Editus - Day and Night'),
(2368, 180, 'Moonlight Dub Xperiment - Global Warning', 'https://www.youtube.com/watch?v=D9MBBM04bf0', b'1', NULL),
(2369, 180, 'Gandhi - Lo Que Más Dolió', 'https://www.youtube.com/watch?v=up4n9ARdKG8', b'0', 'Gandhi - What Hurt the Most'),
(2370, 180, 'Guadalupe Urbina - Antonio', 'https://www.youtube.com/watch?v=2fNQNFGayt4', b'0', NULL),
(2371, 180, 'Cocofunka - Chúcaro', 'https://www.youtube.com/watch?v=gqqY2A9VDoo', b'0', 'Cocofunka - Untamed'),
(2372, 180, 'Las Robertas - Ghost Lover', 'https://www.youtube.com/watch?v=U7rAshiRFUE', b'0', NULL),
(2373, 180, 'Cocofunka - Siente', 'https://www.youtube.com/watch?v=nvLXjOdluL4', b'0', 'Cocofunka - Feel'),
(2374, 180, 'Marfil - Nah Going Home', 'https://www.youtube.com/watch?v=DqQaDLlfD6Q', b'0', NULL),
(2375, 180, 'MishCatt - Another Dimension', 'https://www.youtube.com/watch?v=ItfKw9kqEIE', b'0', NULL),
(2376, 180, 'Maribel Guardia - Hay Que Venir al Sur', 'https://www.youtube.com/watch?v=fcDtJ6jiCLs', b'0', 'Maribel Guardia - You Have to Come Down South'),
(2377, 180, 'Los Cuchillos - Isla Macabro', 'https://www.youtube.com/watch?v=JVazvNWa6gs', b'0', 'The Knives - Macabre Island'),
(2378, 180, 'Patterns - Dangerous Intentions', 'https://www.youtube.com/watch?v=o73cFKx4lIU', b'0', NULL),
(2379, 180, 'Los Waldners - Papalotes', 'https://www.youtube.com/watch?v=rauhinT9cQI', b'0', 'Los Waldners - Kites'),
(2380, 180, 'Tango India - Paz', 'https://www.youtube.com/watch?v=ZznrtWdBIKw', b'0', 'Tango India - Peace'),
(2405, 181, 'Métisse - Therapy', 'https://www.youtube.com/watch?v=xYmnW_-is0Q', b'0', NULL),
(2406, 181, 'Paco Sery - Donne moi une chance', 'https://www.youtube.com/watch?v=atxQENGHC6s', b'1', 'Paco Sery - Give Me a Chance'),
(2407, 181, 'Sur-Choc - On est là pour danser', 'https://www.youtube.com/watch?v=VelIndwHa4E', b'0', 'Sur-Choc - We''re Here to Dance'),
(2408, 181, 'Monique Seka - 900 kg d''amour', 'https://www.youtube.com/watch?v=yByzzYyIcc0', b'0', 'Monique Seka - 900kg of Love'),
(2409, 181, 'Nayanka Bell - Chogologo', 'https://www.youtube.com/watch?v=ELQ05M2WQP0', b'0', NULL),
(2410, 181, 'Kiff No Beat ft. DJ Arafat - Approchez Regardez', 'https://www.youtube.com/watch?v=-LdbZLSUj6k', b'0', 'Kiff No Beat ft. DJ Arafat - Come Closer and Watch'),
(2411, 181, 'Dobet Gnahoré - Afrika', 'https://www.youtube.com/watch?v=BSIhQipnzWQ', b'0', NULL),
(2412, 181, 'Tiken Jah Fakoly - Pourquoi nous fuyons', 'https://www.youtube.com/watch?v=HDgvScJQfwg', b'0', 'Tiken Jah Fakoly - Why We''re Running Away'),
(2413, 181, 'Nayanka Bell ft. Koffi Olomide - Je t''aime moi non plus', 'https://www.youtube.com/watch?v=MGPaaaNSlBU', b'0', 'Nayanka Bell ft. Koffi Olomide - I Don''t Love You Either'),
(2414, 181, 'Magic System - Un gaou à Oran', 'https://www.youtube.com/watch?v=vL7BvJ3Qd_0', b'0', NULL),
(2415, 181, 'Meiway - Golgotha', 'https://www.dailymotion.com/video/xuxq3u', b'0', ''),
(2416, 181, 'Serge Beynaud - Kota na Koto', 'https://www.youtube.com/watch?v=hv7zREjc9f0', b'0', NULL),
(2482, 183, 'Anima Mundi - The Hunter', 'https://www.youtube.com/watch?v=6ONAEQ_CbB4', b'0', NULL),
(2483, 183, 'Burbles - Canción por los Perros', 'https://www.youtube.com/watch?v=Jp5151WkKpc', b'0', 'Burbles - Song for the Dogs'),
(2484, 183, 'Addy Mercedes - Too Hot for Revolution', 'https://www.youtube.com/watch?v=t0sktm2i4sc', b'0', NULL),
(2485, 183, 'Lissette - Eclipse Total Del Amor', 'https://www.youtube.com/watch?v=jUQqLLVjnGk', b'0', 'Lissette - Total Eclipse of Love'),
(2486, 183, 'Krudas Cubensi - En el Solar', 'https://www.youtube.com/watch?v=D0LCwU6gQXY', b'1', 'Krudas Cubensi - In the Building Plot'),
(2487, 183, 'Obsesión - Los Pelos', 'https://www.youtube.com/watch?v=vgOX_6wZzSM', b'0', 'Obsession - The Hair'),
(2488, 183, 'Danay Suárez - Yo Aprendí', 'https://www.youtube.com/watch?v=GqLhLDbm0d8', b'0', 'Danay Suárez - I Learned'),
(2489, 183, 'Buena Fe - Nalgas', 'https://www.youtube.com/watch?v=Fee7jrn9oH8', b'0', 'Good Faith - Buttocks'),
(2490, 183, 'Guy Cuevas - Ebony Game', 'https://www.youtube.com/watch?v=gxJD2mwwDlQ', b'0', NULL),
(2491, 183, 'Irakere - Bacalao Con Pan', 'https://www.youtube.com/watch?v=kBeXIfwRpog', b'0', 'Irakere - Cod With Bread'),
(2522, 182, 'Postolar Tripper - Kruva Bez Motike', 'https://www.youtube.com/watch?v=YRIXNtrA2Uo', b'0', 'Shoemaker Tripper - Bread Without a Hoe'),
(2523, 182, 'Novi Fosili - E Moj Saša', 'https://www.youtube.com/watch?v=IbJMA5uRwPc', b'0', 'New fossils - Well, my Sasha'),
(2524, 182, 'Cacadou Look - Gledam Ga Dok Spava', 'https://www.youtube.com/watch?v=jL6MgWCrW7M', b'0', 'Cacadou Look - I Watch Him Sleep'),
(2525, 182, 'Ljupka Dimitrovska - Robot', 'https://www.youtube.com/watch?v=g9xUyz4owfs', b'0', NULL),
(2526, 182, 'Crooks & Straights - Red Robin', 'https://www.youtube.com/watch?v=ajNr8YB5aPA', b'0', NULL),
(2527, 182, 'Vanna - U Tebi', 'https://www.youtube.com/watch?v=i0lRqYHiTBA', b'0', 'Vanna - In You'),
(2528, 182, 'Osmi Putnik - Tajna', 'https://www.youtube.com/watch?v=irA9DcTRn-c', b'0', 'Eight Traveler - Secret'),
(2529, 182, 'Dino Jelusic - You Are My One And Only', 'https://www.dailymotion.com/video/x2qyve', b'0', NULL),
(2530, 182, 'Riva - Kiss Me', 'https://www.youtube.com/watch?v=pUJ1GR3CF8w', b'0', 'https://www.youtube.com/watch?v=rUQfckIcOlI'),
(2531, 182, 'Omega Lithium - Dance With Me', 'https://www.youtube.com/watch?v=OPC4oirxVbc', b'1', NULL),
(2532, 182, 'Denis & Denis - Program Tvog Kompjutera', 'https://www.youtube.com/watch?v=pldDuqnPP1s', b'0', 'Denis & Denis - Your Computer Program'),
(2533, 182, 'Jelena Rozga - Dobitna Kombinacija', 'https://www.youtube.com/watch?v=WRdAf9fKQpI', b'0', 'Jelena Rozga - Winning Combination'),
(2534, 182, 'KUD Idijoti - Blago', 'https://www.youtube.com/watch?v=RRrpvoU588A', b'0', 'Cultural Artistic Society Idjits - Treasure'),
(2535, 182, 'Magazin - Žena, A Ne Broj', 'https://www.youtube.com/watch?v=vdxRGUp8cko', b'0', 'Magazine - A Woman, Not A Number'),
(2536, 182, 'Flyer - Nismo Rekli Ne', 'https://www.youtube.com/watch?v=69WChyANLI4', b'0', 'Flyer - We Didn''t Say No'),
(2552, 184, 'Michalis Hatzigiannis - To Kalokairi Mou', 'https://www.youtube.com/watch?v=gozxtZUkZhQ', b'0', 'Michalis Hatzigiannis - My Summer'),
(2553, 184, 'Eleftheria Eleftheriou - Nychtes Kaftes', 'https://www.youtube.com/watch?v=jicB3KEfP2U', b'0', 'Eleftheria Eleftheriou - Hot Nights'),
(2554, 184, 'Işın Karaca - Dert Bende Derman Sende', 'https://www.youtube.com/watch?v=oFXvo-f3h0s', b'0', 'Işın Karaca - I''m in Trouble, You''re in Trouble'),
(2555, 184, 'Ziynet Sali - Ağlar mıyım? Ağlamam', 'https://www.youtube.com/watch?v=WyGnyJZN3bI', b'1', 'Ziynet Sali - Do I Cry? I Don''t Cry'),
(2556, 184, 'One - Gimme', 'https://www.youtube.com/watch?v=Q1AWVb4oYFA', b'0', NULL),
(2557, 184, 'Minus-One - Alter Ego', 'https://www.youtube.com/watch?v=k8LcNrqiIFE', b'0', NULL),
(2558, 184, 'Babutsa - Yanayım Yanayım', 'https://www.youtube.com/watch?v=TUJLnlNzDzE', b'0', 'Babutsa - I''m on Fire, I''m on Fire'),
(2559, 184, 'Evridiki - Comme Ci Comme Ca', 'https://www.youtube.com/watch?v=ge3Rfoxs1N0', b'0', 'Evridiki - Like This, Like That'),
(2560, 184, 'Evdokia Kadi - Taxidepse Me', 'https://www.youtube.com/watch?v=UMS4by2NGg4', b'0', 'Evdokia Kadi - Travel with Me'),
(2561, 184, 'Genco Ecer - Kandıramazsın', 'https://www.youtube.com/watch?v=W57RBUQchlE', b'0', 'Genco Ecer - You Can''t Fool Me'),
(2562, 184, 'Nil Burak - Bir Garip Olur İçim', 'https://www.youtube.com/watch?v=kf8jhrQXueU', b'0', 'Nil Burak - I Feel Strange'),
(2563, 184, 'Yuri Melikov - You Got Me (Aha Aha)', 'https://www.youtube.com/watch?v=vJLs6o0svVY', b'0', NULL),
(2564, 184, 'Sophia Patsalides - Made of Gold', 'https://music.youtube.com/watch?v=tXZsUWiBjSo', b'0', NULL),
(2565, 184, 'Methysos - Andvaranaut', 'https://www.youtube.com/watch?v=XpfiHIKzVvQ', b'0', NULL),
(2566, 184, 'Monsieur Doumani - Where Shall I Bang It?', 'https://www.youtube.com/watch?v=m2oA6tLGZAk', b'0', NULL),
(2612, 185, 'Pražský Výběr - Na Václavském Václaváku', 'https://www.youtube.com/watch?v=dy2mbWzUs5o', b'0', 'Prague Selection - At Wenceslas Square'),
(2613, 185, 'Sto Zvířat - Nikdy Nic Nebylo', 'https://www.youtube.com/watch?v=Ugj2a0EFIHc', b'0', 'One Hundred Animals - There Was Never Anything'),
(2614, 185, 'Marpo & Wohnout - Zvedám', 'https://www.youtube.com/watch?v=kTEwwV6Lfpg', b'0', 'Marpo & Wohnout - I Lift It'),
(2615, 185, 'Gipsy.cz - Romano Hip Hop', 'https://www.youtube.com/watch?v=he06HwALx3M', b'0', NULL),
(2616, 185, 'Klara ft. Edna Green - Home', 'https://www.youtube.com/watch?v=P9ZyJnzxro8', b'0', NULL),
(2617, 185, 'Kabát - Burlaci', 'https://www.youtube.com/watch?v=H0zC_juYGLs', b'0', NULL),
(2618, 185, 'Lake Malawi - Chinese Trees', 'https://www.youtube.com/watch?v=p8WbcPsMkEw', b'0', NULL),
(2619, 185, 'Toxique - Field Lines', 'https://www.youtube.com/watch?v=b-AWvpmigWE', b'0', NULL),
(2620, 185, 'Čechomor - Gorale', 'https://www.youtube.com/watch?v=lUhf3VaaHH4', b'1', NULL),
(2621, 185, 'Krucipüsk - Máme Se', 'https://www.youtube.com/watch?v=HP43SP1QzQU', b'0', 'Crucifixion - We Are'),
(2622, 185, 'MIDI Lidi - Žižla', 'https://www.youtube.com/watch?v=EUkykH4jl10', b'0', NULL),
(2623, 185, 'Gabriela Gunčíková - Časy Jsou Zlé', 'https://www.youtube.com/watch?v=Wyp0CdX6wlc', b'0', 'Gabriela Gunčíková - Times are Bad'),
(2624, 185, 'Yellow Sisters - Trpaslíci Hledaj Zlato', 'https://www.youtube.com/watch?v=3jyZ-NF9vJQ', b'0', 'Yellow Sisters - Dwarves Look for Gold'),
(2625, 185, 'Zuby Nehty - Dneska', 'https://www.youtube.com/watch?v=UDXiRTlNhs4', b'0', 'Nail Teeth - Today'),
(2626, 185, 'The Plastic People of the Universe - Samson', 'https://www.youtube.com/watch?v=3Xijf-Os9ZY', b'0', NULL),
(2653, 186, 'Oh Land - Renaissance Girls', 'https://www.youtube.com/watch?v=zFCYo3XocIM', b'0', NULL),
(2654, 186, 'Kira Skov - Hollywood', 'https://www.youtube.com/watch?v=sEOEmVABhIE', b'0', NULL),
(2655, 186, 'PuKuut - Tummeqqat Ammukartut', 'https://www.youtube.com/watch?v=GSX4EIFXC0g', b'0', NULL),
(2656, 186, 'HorrorPops - Ghouls', 'https://www.youtube.com/watch?v=O7z170H0jUc', b'0', NULL),
(2657, 186, 'Cut ''N'' Move - Spread Love', 'https://www.youtube.com/watch?v=dZX2UOGnpJ0', b'0', NULL),
(2658, 186, 'Me & My - Dub-I-Dub', 'https://www.youtube.com/watch?v=XTjJ2_P5P4U', b'0', NULL),
(2659, 186, 'Lis Sørensen - Forvandling', 'https://www.youtube.com/watch?v=am8OrLh8o9o', b'0', 'Lis Sørensen - Transformation'),
(2660, 186, 'Laban - Love In Siberia', 'https://www.youtube.com/watch?v=2CWRDZGehWI', b'0', NULL),
(2661, 186, 'Alphabeat - 10.000 Nights of Thunder', 'https://www.youtube.com/watch?v=ySHHdO-YTK4', b'1', NULL),
(2662, 186, 'Leæther Strip - Evil Speaks', 'https://www.youtube.com/watch?v=LwFAzmqwrT0', b'0', NULL),
(2663, 186, 'Cryoshell - Bye Bye Babylon', 'https://www.youtube.com/watch?v=RBJ2l4vospQ', b'0', NULL),
(2664, 186, 'Guðrið Hansdóttir - Stjørnur', 'https://www.youtube.com/watch?v=maZsU-jKA1M', b'0', 'Guðrið Hansdóttir - Stars'),
(2665, 186, 'Rasmus Lyberth - Inuunerup oqarfigaanga', 'https://www.youtube.com/watch?v=NTCAm6_1ZP0', b'0', NULL),
(2678, 187, 'Awale Adan - OH Yeah', 'https://www.youtube.com/watch?v=L4Iov5_Xz0Q', b'1', NULL),
(2679, 187, 'Shay Lia - Good Together', 'https://www.youtube.com/watch?v=939u4KE78tU', b'0', NULL),
(2680, 187, 'Iskilaaji & Deeqa Ahmed - Bidhaan Qurux', 'https://www.youtube.com/watch?v=vBZkXJRkN60', b'0', NULL),
(2681, 187, 'Hani Uk - Korkayga Bal Taabo a Naaji', 'https://www.youtube.com/watch?v=NWBGbaDPAZo', b'0', ''),
(2700, 188, 'Asa Bantan - We Making a Mess', 'https://www.youtube.com/watch?v=w9zVrluaRRE', b'0', NULL),
(2701, 188, 'Carlyn XP - Liquor Family', 'https://www.youtube.com/watch?v=M-RndIExl_o', b'0', NULL),
(2702, 188, 'Mr. Benji & MarzVille - Stush', 'https://www.youtube.com/watch?v=603HehEevmY', b'1', NULL),
(2703, 188, 'Gramacks - Paka Largez', 'https://www.youtube.com/watch?v=Ztlwos-N-y0', b'0', NULL),
(2704, 188, 'Ras Jumbo - Still in Love', 'https://music.youtube.com/watch?v=kawXr53WefU', b'0', NULL),
(2705, 188, 'Exile One - La Dominique', 'https://www.youtube.com/watch?v=KQTw4HQvIVY', b'0', 'Exile One - Dominica'),
(2728, 189, 'MULA - Nunca paran', 'https://www.youtube.com/watch?v=efdV69FLxfg', b'0', 'MULE - They Never Stop'),
(2729, 189, 'Alih Jey ft. Cuñao - Mi Debilidad', 'https://www.youtube.com/watch?v=7qUytGoNHMY', b'0', 'Alih Jey ft. Cuñao - My Weakness'),
(2730, 189, 'Miriam Cruz - La Mala Soy Yo', 'https://www.youtube.com/watch?v=ltlZHRcDm74', b'0', 'Miriam Cruz - The Bad is Me'),
(2731, 189, 'Rita Indiana y los Misterios - El Juidero', 'https://www.youtube.com/watch?v=LBVLvIjBFko', b'1', 'Rita Indiana and the Mysteries - The Judgment'),
(2732, 189, 'Toque Profundo - Mi País', 'https://www.youtube.com/watch?v=54KP_NEZHks', b'0', 'Deep Touch - My Country'),
(2733, 189, 'Monchy y Alexandra - No Es una Novela', 'https://www.youtube.com/watch?v=PeMBlLEmVqE', b'0', 'Monchy and Alexandra - It''s Not a Novel'),
(2734, 189, 'Giselle Tavera - Time After Time', 'https://www.youtube.com/watch?v=E5Oh7IkAGWQ', b'0', NULL),
(2735, 189, 'Las Acevedo - Reloj De Arena', 'https://www.youtube.com/watch?v=g5ey2_ur1vo', b'0', 'Las Acevedo - Hourglass'),
(2736, 189, '42-01 - Viper Bites', 'https://www.youtube.com/watch?v=R7ClrCS7fMo', b'0', NULL),
(2737, 189, 'Ingco Crew - Ganzta', 'https://www.youtube.com/watch?v=lga5RFHRSLk', b'0', NULL),
(2738, 189, 'JLS - La Onda Fatal', 'https://www.youtube.com/watch?v=kfYppGS2aFk', b'0', 'JLS - The Fatal Wave'),
(2897, 192, 'Salsa Clave - El Sombrero Azul', 'https://www.youtube.com/watch?v=Vz-uxAAglPA', b'0', 'Salsa Clave - The Blue Hat'),
(2898, 192, 'Nadine Masri - Raíces', 'https://www.youtube.com/watch?v=6MLr-j8OlgA', b'0', 'Nadine Masri - Roots'),
(2899, 192, 'Mago Barú - El Show de la Enfermedad', 'https://www.youtube.com/watch?v=QoWilQwz7No', b'1', 'Mago Barú - The Disease Show'),
(2900, 192, 'Vibrass Ska Ensamble - Delorean Back to Ska', 'https://www.youtube.com/watch?v=TEXpEjUwGjM', b'0', NULL),
(2901, 192, 'Polly Class - Neptuno', 'https://www.youtube.com/watch?v=NEy4xHRkonw', b'0', 'Polly Class - Neptune'),
(2902, 192, 'King Flyp - Abandonado', 'https://www.youtube.com/watch?v=L_EqPFfZUlU', b'0', 'King Flyp - Abandoned'),
(2903, 192, 'Arquimedes Reyes - Hazme Olvidarla', 'https://www.youtube.com/watch?v=Pau5lpU4V9M', b'0', 'Arquimedes Reyes - Make Me Forget Her'),
(2904, 192, 'Adhesivo - Sin Fronteras', 'https://www.youtube.com/watch?v=qub5K0vweL4', b'0', 'Adhesive - Without Borders'),
(2929, 193, 'Fistong Boy - ¿Y Mi Juventud?', 'https://www.youtube.com/watch?v=qvdVwmEmfPI', b'0', 'Fistong Boy - And My Youth?'),
(2930, 193, 'Pepito Polo - Crisis', 'https://www.youtube.com/watch?v=FT7VTmtPvAY', b'0', NULL),
(2931, 193, 'Hijas del Sol - A ba ''ele (Los Extranjeros)', 'https://www.youtube.com/watch?v=Hj7DmUoDGoM', b'0', 'Daughters of the Sun - The Foreigners'),
(2932, 193, 'Yolanda Eyama - Nzanga', 'https://www.youtube.com/watch?v=PdfBJG7HWiU', b'0', NULL),
(2933, 193, 'Paloma del Sol - Atrévete a Ser Feliz', 'https://www.youtube.com/watch?v=k3NSQfbd-ho', b'1', 'Dove of the Sun - Dare to be Happy'),
(2934, 193, 'Maele - Saturnino', 'https://www.youtube.com/watch?v=t2wt89TDVbo', b'0', NULL),
(2935, 193, 'Barón Ya Búk-Lu - Cándida', 'https://www.youtube.com/watch?v=shgJIzDFse0', b'0', 'Barón Ya Búk-Lu - Candid'),
(2936, 193, 'Kraze Negroze - Barrio Balsamo', 'https://www.youtube.com/watch?v=rTm2BaG45oI', b'0', 'Kraze Negroze - Balsamo Neighborhood'),
(2949, 194, 'Rutha Abraham - Tegemirin''s Aleka', 'https://www.youtube.com/watch?v=noIu2VATkys', b'0', NULL),
(2950, 194, 'Bsrat Aregay - Tizta', 'https://www.youtube.com/watch?v=kOW7TZ29xD0', b'0', 'Bsrat Aregay - Memories'),
(2951, 194, 'Fitsum Zemichael - Tirsochen', 'https://www.youtube.com/watch?v=89vByi1oSfw', b'1', 'Fitsum Zemichael - My Teeth'),
(2952, 194, 'Tesfaldet Mesfin - Delina', 'https://www.youtube.com/watch?v=_jPIGpK8DMM', b'0', NULL),
(2953, 194, 'Abeba Haile - Nay Men Dika', 'https://www.youtube.com/watch?v=aCPxF9Mct-E', b'0', NULL),
(2954, 194, 'Jemal Romodan - Ghezana', 'https://www.youtube.com/watch?v=f1aXABSmvcw', b'0', NULL),
(2985, 195, 'Vanilla Ninja - Don''t Go Too Fast', 'https://www.youtube.com/watch?v=17GvlM5e8EI', b'0', NULL),
(2986, 195, 'Winny Puhh - Nägija', 'https://www.youtube.com/watch?v=-YDgMEeaOV4', b'0', 'Winny Puhh - Seer'),
(2987, 195, 'The Tuberkuloited - Läänemere Aknal', 'https://www.youtube.com/watch?v=be-wq2LpmuQ', b'0', 'The Tuberculosis - The Baltic Sea Window'),
(2988, 195, 'Liis Lemsalu - Sinuga koos', 'https://www.youtube.com/watch?v=WdTlonxTMks', b'0', 'Liis Lemsalu - With You'),
(2989, 195, 'X-Panda - Rise up to Fly', 'https://www.youtube.com/watch?v=T-MbjGufFJM', b'0', NULL),
(2990, 195, 'Ewert and The Two Dragons - [In The End] There''s Only Love', 'https://www.youtube.com/watch?v=w5W_JYI-BgM', b'0', NULL),
(2991, 195, 'Laura Põldvere - Don''t Shut Me Out', 'https://www.youtube.com/watch?v=5dvUGi-VU9w', b'0', NULL),
(2992, 195, 'Terminaator - 13 Sammu', 'https://www.youtube.com/watch?v=Q94XnDkEcVs', b'0', 'Terminator - 13 Steps'),
(2993, 195, 'Triinu Kivilaan - Fallen', 'https://www.youtube.com/watch?v=XT7yFGTo8Fo', b'0', NULL),
(2994, 195, 'Nexus - Tormituuled', 'https://www.youtube.com/watch?v=T3Sq1Mh8g2I', b'1', 'Nexus - Storm Winds'),
(2995, 195, 'Caater ft. Hannah - Sinuta', 'https://www.youtube.com/watch?v=51WZQhnsr-0', b'0', 'Caater ft. Hannah - You'),
(2996, 195, 'Ollie ft. Uku Suviste - Bonfire', 'https://www.youtube.com/watch?v=7EDQnEN00PY', b'0', NULL),
(2997, 195, 'Marya Roxx - Land of Dreams', 'https://www.youtube.com/watch?v=gk0EMqZXkzk', b'0', NULL),
(2998, 195, 'Suntribe - Let''s Get Loud', 'https://www.youtube.com/watch?v=q84BGGwdNPY', b'0', NULL);
INSERT INTO song (id, country, name, url, favorite, translation) VALUES
(2999, 195, 'J.M.K.E. - Tont seda teab', 'https://www.youtube.com/watch?v=Dg0IVGCacm4', b'0', 'J.M.K.E. - The Ghost Knows'),
(3010, 196, 'Bholoja - Indzawo Yami', 'https://www.youtube.com/watch?v=sNZ8hBetWbI', b'1', 'Bholoja - It''s my Place'),
(3011, 196, 'Tendaness ft. Zanda Zakuna - Over the Moon', 'https://www.youtube.com/watch?v=k0XLJ7Lkay8', b'0', NULL),
(3012, 196, 'S-Tone ft. Simmy - Vuka Africa', 'https://www.youtube.com/watch?v=PvP7eX1APYw', b'0', NULL),
(3013, 196, 'Nothando Hlophe - Tibonakalise', 'https://www.youtube.com/watch?v=LCCFHJdmwQI', b'0', 'Nothando Hlophe - Prove it to Yourself'),
(3053, 197, 'Jano Band - Darigne', 'https://www.youtube.com/watch?v=hyHALnmGr5A', b'1', NULL),
(3054, 197, 'Selamawit Yohannes - Senay', 'https://www.youtube.com/watch?v=H4uWOZL4IwQ', b'0', NULL),
(3055, 197, 'Dag Daniel - Ye Balewa Konjo', 'https://www.youtube.com/watch?v=-WrcRgxnQnQ', b'0', 'Dag Daniel - Her Husband''s Beauty'),
(3056, 197, 'Abel Mulugeta - Gebach alu Gedam', 'https://www.youtube.com/watch?v=HHH8qzne_AA', b'0', NULL),
(3057, 197, 'Mahlet G - Emhilelu', 'https://www.youtube.com/watch?v=F4pRqQV2FI0', b'0', NULL),
(3058, 197, 'Netsanet Melesse - Atidewulilign', 'https://www.youtube.com/watch?v=fiqZJBuvAB4', b'0', NULL),
(3059, 197, 'Betty G - Geriye', 'https://www.youtube.com/watch?v=DKdB7H9y6ag', b'0', 'Betty G - Gentle'),
(3060, 197, 'Chelina - Bezema', 'https://www.youtube.com/watch?v=-4IGIe5K1Qg', b'0', NULL),
(3061, 197, 'Kuku Sebsibe - Indet Neh', 'https://www.youtube.com/watch?v=Npm45vg39LU', b'0', NULL),
(3062, 197, 'Gossaye ft. Alemayehu - Endete Argoshale', 'https://www.youtube.com/watch?v=5W5Z9sFPO-E', b'0', NULL),
(3063, 197, 'Rophnan - Get to Work', 'https://www.youtube.com/watch?v=31LYvrp6GBg', b'0', NULL),
(3064, 197, 'Roha Band - Kiya Kiya', 'https://www.youtube.com/watch?v=lBFM8s6GrAI', b'0', NULL),
(3065, 197, 'Ayalew Mesfin - Hasabe (My Worries)', 'https://www.youtube.com/watch?v=ONW2ydjwjQo', b'0', NULL),
(3066, 197, 'Debo Band - Ele', 'https://www.youtube.com/watch?v=sl8m_VBbBis', b'0', NULL),
(3067, 197, 'Abeba Desalegn - Lemin Nafekegn', 'https://www.youtube.com/watch?v=a0g8CS3O-lA', b'0', 'Abeba Desalegn - Why do I Miss You?'),
(3068, 197, 'Tamrat Desta - Alhedm', 'https://www.youtube.com/watch?v=eeIc5Vm-WuI', b'0', NULL),
(3069, 197, 'Dawit Mellesse - Konjo Bager', 'https://www.youtube.com/watch?v=hqWokzUNkOA', b'0', NULL),
(3070, 197, 'Teddy Afro - Amen', 'https://www.youtube.com/watch?v=sAbFkY0fijY', b'0', NULL),
(3071, 197, 'Mulatu Astatke & The Heliocentrics - Addis Black Widow', 'https://www.youtube.com/watch?v=rJtmjk2eJPc', b'0', NULL),
(3088, 198, 'Lia Osborne - Era Bini Tu', 'https://www.youtube.com/watch?v=4y8OuFoMggw', b'0', NULL),
(3089, 198, 'Rosiloa - Sa Vura', 'https://www.youtube.com/watch?v=ze0XmxgMTaU', b'1', NULL),
(3090, 198, 'Rewasese Entertainment Group - Mana Meu Talanoataka', 'https://www.youtube.com/watch?v=Z1XYZebP_Go', b'0', NULL),
(3091, 198, 'Daniel Rae Costello - Be Good To Me', 'https://www.youtube.com/watch?v=EnpWdG6tGfs', b'0', NULL),
(3092, 198, 'Paulini - Who Will I Run To?', 'https://www.youtube.com/watch?v=skW3qGj-I2Y', b'0', NULL),
(3093, 198, 'Ofa Ali - Waikiki Tamure', 'https://www.youtube.com/watch?v=3zUXSN4TPio', b'0', NULL),
(3094, 198, 'Kula Kei Uluivuya - Tagimoucia', 'https://www.youtube.com/watch?v=qobv_mKyivo', b'0', NULL),
(3095, 198, 'Simi Rova - Lomalomani Au Lei Bulou', 'https://www.youtube.com/watch?v=iRk_SLDar_Y', b'0', NULL),
(3134, 199, 'Loituma - Ievan Polkka', 'https://www.youtube.com/watch?v=7yh9i0PAjck', b'0', 'Loituma - Ieva''s Polka'),
(3135, 199, 'The 69 Eyes - Never Say Die', 'https://www.youtube.com/watch?v=QbqfYJEBU_w', b'0', NULL),
(3136, 199, 'Chisu - Baden-Baden', 'https://www.youtube.com/watch?v=Yu19IWuIArY', b'0', NULL),
(3137, 199, 'Alma - Karma', 'https://www.youtube.com/watch?v=ueGqMCc07uM', b'0', NULL),
(3138, 199, 'Roope Salminen & Koirat ft. Anna Abreu - Voodoo', 'https://www.youtube.com/watch?v=CPQ_BDLCvik', b'0', NULL),
(3139, 199, 'Elonkerjuu - Viistäköön siipeni maata', 'https://www.youtube.com/watch?v=YXGq_7mk-hM', b'0', 'Harvest - Let my Wings Bevel the Ground'),
(3140, 199, 'WÖYH! - Lokki', 'https://www.youtube.com/watch?v=C6Io7sJRDb8', b'0', 'WÖYH! - Seagull'),
(3141, 199, 'Stalingrad Cowgirls - You Won''t Get It', 'https://www.youtube.com/watch?v=Ba-awYSR7Nw', b'0', NULL),
(3142, 199, 'Pertti Kurikan Nimipäivät - Aina mun pitää', 'https://www.youtube.com/watch?v=zEiM6l5meQI', b'0', 'Pertti Kurikka''s Name Days - I Always Have to'),
(3143, 199, 'Elokuu - Tänään lähtee', 'https://www.youtube.com/watch?v=XvI6kXomdTA', b'0', 'August - Today is Leaving'),
(3144, 199, 'Haltya - Alas Taikavirtaa', 'https://www.youtube.com/watch?v=78y8D6aR36E', b'0', 'Haltya - Under Magic Flow'),
(3145, 199, 'Don Johnson Big Band - One MC, One Delay', 'https://www.youtube.com/watch?v=_zkjngo5Lww', b'1', NULL),
(3146, 199, 'Sini Sabotage ft. Kube - Mun heinii', 'https://www.youtube.com/watch?v=VMwsAeVgd-I', b'0', NULL),
(3147, 199, 'Flesh Roxon - Out of Control', 'https://www.youtube.com/watch?v=UOU1ZlLwyRg', b'0', NULL),
(3148, 199, 'Jari Sillanpää - Liekeissä', 'https://www.youtube.com/watch?v=vkctM3BG1Cg', b'0', 'Jari Sillanpää - In Flames'),
(3149, 199, 'Entwine - End of Silence', 'https://www.youtube.com/watch?v=YZXq2RS_awE', b'0', NULL),
(3150, 199, 'The Valkyrians - Astro Zombies', 'https://www.youtube.com/watch?v=3Gguo3WXiXw', b'0', NULL),
(3151, 199, 'Aivolävistys - Toinen osapuoli', 'https://www.youtube.com/watch?v=8-VNkcmKAgE', b'0', 'Brain Piercing - The Other Party'),
(3152, 199, '70-luvun Vihannekset - Maanalainen armeija', 'https://www.youtube.com/watch?v=1u2E1RAG8m0', b'0', '70s Vegetables - Underground Army'),
(3249, 200, '-M- - Belleville Rendez-vous', 'https://www.youtube.com/watch?v=E3Q7JO6BDa0', b'0', NULL),
(3250, 200, 'Martin Circus - Je M''éclate Au Sénégal', 'https://www.youtube.com/watch?v=k9CqMhBTkWI', b'0', 'Martin Circus - I''m Having Fun in Senegal'),
(3251, 200, 'Exsonvaldes & Helena Miquel - Cyclop', 'https://www.youtube.com/watch?v=9SuGoxVGb_8', b'0', NULL),
(3252, 200, 'Desireless - Voyage Voyage', 'https://www.youtube.com/watch?v=6PDmZnG8KsM', b'0', NULL),
(3253, 200, 'Lucrate Milk - No Kods', 'https://www.youtube.com/watch?v=sfVxEg_IJTg', b'0', NULL),
(3254, 200, 'Anarchic System - Pop Corn', 'https://www.youtube.com/watch?v=10s7MRYKYU4', b'0', NULL),
(3255, 200, 'L.E.J - La dalle', 'https://www.youtube.com/watch?v=RaK8HLqMPA8', b'1', 'L.E.J - Ravenous'),
(3256, 200, 'Birds In Row - Remember Us Better Than We Are', 'https://www.youtube.com/watch?v=NI1KJBTa-Cg', b'0', NULL),
(3257, 200, 'Ottawan - D.I.S.C.O.', 'https://www.youtube.com/watch?v=mJpymZpk-t8', b'0', NULL),
(3258, 200, 'Angellore - Blood for Lavinia', 'https://www.youtube.com/watch?v=Uqaq43WpKSI', b'0', NULL),
(3259, 200, 'Au Bonheur Des Dames - Oh Les Filles!', 'https://www.youtube.com/watch?v=5Ie0M27aCl8', b'0', 'To The Ladies'' Happiness - Oh Girls!'),
(3260, 200, 'Emji - Vegas', 'https://www.youtube.com/watch?v=W2Li35LFYVU', b'0', NULL),
(3261, 200, 'Edith Nylon - Edith Nylon', 'https://www.youtube.com/watch?v=g49MyBDTPLw', b'0', NULL),
(3262, 200, 'Merzhin - Peur de rien', 'https://www.youtube.com/watch?v=rz3QREPx6Qc', b'0', 'Merzhin - Afraid of Nothing'),
(3263, 200, 'Les Caméléons - Juke box', 'https://www.youtube.com/watch?v=IvtD8SEr_5E', b'0', 'The Chameleons - Juke box'),
(3264, 200, 'Les Wriggles - Poupine et Thierry', 'https://www.youtube.com/watch?v=nPJ9oUQM6V0', b'0', 'The Wriggles - Poupine and Thierry'),
(3265, 200, 'Karelia - Lift Me Up', 'https://www.youtube.com/watch?v=TCMXXEXcAms', b'0', NULL),
(3266, 200, 'La Ruda Salska - Trianon', 'https://www.youtube.com/watch?v=TS87btME3Ac', b'0', NULL),
(3267, 200, 'Sliimy - Paint Your Face', 'https://www.youtube.com/watch?v=ZH7dFPjno3w', b'0', NULL),
(3268, 200, 'Pin-Up Went Down - Vaginaal Nathrakh', 'https://www.youtube.com/watch?v=DyBFZFUaP6U', b'0', NULL),
(3269, 200, 'Sexy Sushi - Cheval', 'https://www.youtube.com/watch?v=8ijFoc2ldv4', b'0', 'Sexy Sushi - Horse'),
(3270, 200, 'Whyzdom - Follow Your Heart', 'https://www.youtube.com/watch?v=YWsc36Vo5Fo', b'0', NULL),
(3271, 200, 'The Barking Dogs - Cigarettes and Whiskey', 'https://www.youtube.com/watch?v=NyaB9_io7sE', b'0', NULL),
(3272, 200, 'Les Sages Poètes de la Rue ft. IAM - 16 traits, 16 lignes', 'https://www.youtube.com/watch?v=BKSMM4IMCgc', b'0', 'The Wise Poets of the Street ft. IAM - 16 Traits, 16 Lines'),
(3293, 201, 'Pamela Badjogo - Respectez-nous', 'https://www.youtube.com/watch?v=t3vkC16TNLs', b'1', 'Pamela Badjogo - Respect Us'),
(3294, 201, 'Notre Dame De La Salette - Lekumu Tata', 'https://www.youtube.com/watch?v=pY5tEz-dNz4', b'0', 'Our Lady of La Salette - Lekumu Tata'),
(3295, 201, 'Zyon Stylei - Piccolo', 'https://www.youtube.com/watch?v=_zZuZ4TGAJQ', b'0', NULL),
(3296, 201, 'Nicole Amogho - Ton alliance', 'https://www.youtube.com/watch?v=22w_HH4o7Ak', b'0', 'Nicole Amogho - Your Wedding Ring'),
(3297, 201, 'DBS - Mayi Wa', 'https://www.youtube.com/watch?v=kSe2Mec7nBU', b'0', 'DBS - I Cry to You'),
(3298, 201, 'Lord Ekomy Ndong ☥ ft. Ndzo Obiang Ndong - Qui Cherche Trouve', 'https://www.youtube.com/watch?v=cbmQ1CQ8Pn0', b'0', 'Lord Ekomy Ndong ☥ ft. Ndzo Obiang Ndong - Who Seeks, Finds'),
(3299, 201, 'La Fuente - Pas Tchi Tchi Avec Belle Maman', 'https://www.youtube.com/watch?v=7rgeeUBkZk8', b'0', 'The Fountain - Not Tchi Tchi with Step Mom'),
(3300, 201, 'Yves Delbrah - Mamayé', 'https://www.youtube.com/watch?v=gTK5xXvfbjU', b'0', NULL),
(3301, 201, 'Patience Dabany - Gaella', 'https://www.youtube.com/watch?v=Llszdpj4cjU', b'0', NULL),
(3302, 201, 'Annie-Flore Batchiellilys - Diboty', 'https://www.youtube.com/watch?v=20JUbt0_oGg', b'0', NULL),
(3313, 202, 'Saint - Holly', 'https://www.youtube.com/watch?v=mp93GyfTBWQ', b'0', NULL),
(3314, 202, 'Sona Jobarteh - Jarabi', 'https://www.youtube.com/watch?v=M6zGSxZtFX4', b'1', NULL),
(3315, 202, 'Musa M''Boob & XamXam - Tumaranke', 'https://www.youtube.com/watch?v=IY7a9Q3tGOc', b'0', NULL),
(3316, 202, 'The Soto Koto Band - Kelefa (Instrumental)', 'https://www.youtube.com/watch?v=fAFp_dN6ZXw', b'0', NULL),
(3317, 202, 'Laba Sosseh - Diamoule Mawo', 'https://www.youtube.com/watch?v=eO-W6qS99EU', b'0', NULL),
(3426, 204, 'Eisbrecher - Verrückt', 'https://www.youtube.com/watch?v=yjO1bMHbDpY', b'0', 'Icebreaker - Crazy'),
(3427, 204, 'Guano Apes - Lords of the Boards', 'https://www.youtube.com/watch?v=2yfwePfD-iU', b'0', NULL),
(3428, 204, 'LE FLY - St. Pauli Tanzmusik (Posse-Version)', 'https://www.youtube.com/watch?v=G2ehRhMPpiU', b'0', 'LE FLY - St. Pauli Dance Music (Posse Version)'),
(3429, 204, 'Faun ft. Santiano - Tanz mit mir', 'https://www.youtube.com/watch?v=beXW5s3ZCB4', b'0', 'Faun ft. Santiano - Dance with Me'),
(3430, 204, 'Pink Cream 69 - Walls Come Down', 'https://www.youtube.com/watch?v=EVyfvf-tHD4', b'0', NULL),
(3431, 204, 'WISECRÄCKER - ¿Porqué te vas?', 'https://www.youtube.com/watch?v=XbYU3qEtiPU', b'0', 'WISECRÄCKER - Why are you leaving?'),
(3432, 204, 'ABAY - ALWAYS HARDCORE (Scooter Medley)', 'https://www.youtube.com/watch?v=MwGrqNJXQnc', b'0', NULL),
(3433, 204, 'Georg Stengel - Mars', 'https://www.youtube.com/watch?v=6g8wrXoHAXY', b'0', NULL),
(3434, 204, 'BudZillus - Immer Weiter', 'https://www.youtube.com/watch?v=qaxtRuGnE70', b'0', 'BudZillus - Always Further'),
(3435, 204, 'JANIZ - Straight Outta Line', 'https://www.youtube.com/watch?v=scAlkfkacgk', b'0', NULL),
(3436, 204, 'Klaus Nomi - Nomi Song', 'https://www.youtube.com/watch?v=iNahvGXVWl0', b'0', NULL),
(3437, 204, 'beNUTS - Chop Off', 'https://www.youtube.com/watch?v=f7gdxooqqxA', b'0', NULL),
(3438, 204, 'Boney M. - Rasputin', 'https://www.youtube.com/watch?v=vIjdhIErp8I', b'0', NULL),
(3439, 204, 'Sarah Schiffer - Illusion', 'https://www.youtube.com/watch?v=bd8EYFJAqnw', b'0', NULL),
(3440, 204, 'Fehlfarben - Ein Jahr (Es geht voran)', 'https://www.youtube.com/watch?v=Kvek60dvq50', b'0', 'Fehlfarben - One Year (It''s Moving Forward)'),
(3441, 204, 'Delirium - Perchta', 'https://www.youtube.com/watch?v=ex9I0nOyrP8', b'0', NULL),
(3442, 204, 'Mantus - Untergang', 'https://www.youtube.com/watch?v=57_PeLe6nMU', b'0', 'Mantus - Downfall'),
(3443, 204, 'Paralysed Age - Bloodsucker', 'https://www.youtube.com/watch?v=X5R9rluWR4w', b'0', NULL),
(3444, 204, 'Skalamander - Ska Wochenende', 'https://www.youtube.com/watch?v=JB_-SKi-pW8', b'0', 'Skalamander - Ska Weekend'),
(3445, 204, '...But Alive - Vergiss den Quatsch', 'https://www.youtube.com/watch?v=rupuX2-KCvo', b'1', '...But Alive - Forget the Bullshit'),
(3446, 204, 'Wir sind Helen - Aurélie', 'https://www.youtube.com/watch?v=HNPut-juVd4', b'0', 'We are Heroes - Aurélie'),
(3447, 204, 'Wolfenmond - Wilde Rose', 'https://www.youtube.com/watch?v=Ztvb2BAtcTk', b'0', NULL),
(3448, 204, 'Goombay Dance Band - My Bonnie', 'https://www.youtube.com/watch?v=_V5WaN3MFg0', b'0', NULL),
(3449, 204, 'Sookee ft. Mal Élevé & Ben Dana - Links Außen', 'https://www.youtube.com/watch?v=P3HsGg361cw', b'0', 'Sookee ft. Mal Élevé & Ben Dana - Left Outside'),
(3450, 204, 'Nena - Nur geträumt', 'https://www.youtube.com/watch?v=HEGRwUuWn64', b'0', 'Nena - Just a Dream'),
(3467, 205, 'Ahkan ft. Medikal & Junior US - Obama Dance', 'https://www.youtube.com/watch?v=ut1pTD_dCuM', b'0', NULL),
(3468, 205, 'Becca ft. Sarkodie - Nana', 'https://www.youtube.com/watch?v=5WAkXz2aUBM', b'0', NULL),
(3469, 205, 'Sorakiss ft. Kuami Eugene - Ice Cream', 'https://www.youtube.com/watch?v=Alz07rSRQRA', b'0', NULL),
(3470, 205, 'Kwesi Arthur - Live From 233', 'https://www.youtube.com/watch?v=dXDp8kGfA7s', b'0', NULL),
(3471, 205, 'Buk Bak - Akwesi Broni', 'https://www.youtube.com/watch?v=LAIHgyKiH8g', b'0', NULL),
(3472, 205, 'Gasmilla - Ak3somorshi', 'https://www.youtube.com/watch?v=7ieGtNtM1AM', b'1', NULL),
(3473, 205, 'Joey B ft. King Promise - Sweetie Pie', 'https://www.youtube.com/watch?v=zY-NLE0SwLI', b'0', NULL),
(3474, 205, 'Vybrant Faya - Fun Time', 'https://www.youtube.com/watch?v=oYSDXTMa98Q', b'0', NULL),
(3496, 206, 'Terra D Governor - Black Power', 'https://www.youtube.com/watch?v=45JYRvVZofI', b'0', NULL),
(3497, 203, 'Lela Tsurtsumia - Gamis Sichume Gafante', 'https://www.youtube.com/watch?v=UsX-2nzsymY', b'0', 'Lela Tsurtsumia - Scatter the Silence of the Night'),
(3498, 203, 'Diana Gurtskaya - Girlfriends', 'https://www.youtube.com/watch?v=cRnnbMlveLQ', b'0', NULL),
(3499, 203, 'Trio Mandili - Erti nakhvit', 'https://www.youtube.com/watch?v=zMTwB5iI3uE', b'0', 'Headscarf Trio - Love at First Sight'),
(3500, 203, 'Tamara Gachechiladze - Keep The Faith', 'https://www.youtube.com/watch?v=fMjoNAZ1DpU', b'0', NULL),
(3501, 203, 'Bedford Falls - Post Soviet Post Mortem', 'https://www.youtube.com/watch?v=tl6T2nwRers', b'0', NULL),
(3502, 203, 'Nino Chkheidze - Dardimandi Kharo', 'https://www.youtube.com/watch?v=mYrifsepS_s', b'1', NULL),
(3503, 203, 'Tamta - Arhes Kalokeriou', 'https://www.youtube.com/watch?v=58I3-EvFW10', b'0', 'Tamta - Early Summer'),
(3504, 203, 'Killages - Pleased', 'https://www.youtube.com/watch?v=99si3euMJ6U', b'0', NULL),
(3505, 203, 'Natia Todua - I Want Love', 'https://www.youtube.com/watch?v=AN_1z4S9LZc', b'0', NULL),
(3506, 203, 'Anushka Chkheidze - Street Dog', 'https://www.youtube.com/watch?v=KG5w7Gzw87A', b'0', NULL),
(3507, 203, 'LOUDspeakers - Flying Girl', 'https://www.youtube.com/watch?v=VtwxtS9PcDo', b'0', NULL),
(3508, 191, 'Carmen Soliman - Habibi Mosh Habibi', 'https://www.youtube.com/watch?v=Iw3XFYF7VNI', b'0', 'Carmen Soliman - My Love, Not My Love'),
(3509, 191, 'Mai Kassab - Shel Da Men Da', 'https://www.youtube.com/watch?v=pxjZ3iiREe4', b'0', 'Mai Kassab - This is from This'),
(3510, 191, 'Bushra - Kobra', 'https://www.youtube.com/watch?v=K8KdyYWzKFc', b'0', 'Bushra - Cobra'),
(3511, 191, 'Ramy Essam - El Horreya lel Geda''an', 'https://www.youtube.com/watch?v=RKWmkSUGpk8', b'0', 'Ramy Essam - Freedom for Al-Jadaan'),
(3512, 191, 'Somaya El Khashab - Wana Wayak', 'https://www.youtube.com/watch?v=St71HirXIO8', b'0', 'Somaya El Khashab - You and Me'),
(3513, 191, 'Black Theama - Enta Fakerny Hendy', 'https://www.youtube.com/watch?v=0YdPeAAqTxc', b'0', 'Black Theama - You think of me as an Indian'),
(3514, 191, 'Hesham Abbas - Fenoh', 'https://www.youtube.com/watch?v=x-4Gwh8ujdg', b'0', 'Hesham Abbas - Where are You?'),
(3515, 191, 'Haidy Moussa - So2al', 'https://www.youtube.com/watch?v=COHPjkmSM_M', b'0', 'Haidy Moussa - Question'),
(3516, 191, 'Massive Scar Era - Pray', 'https://www.youtube.com/watch?v=qu9VAG9ffAQ', b'1', NULL),
(3517, 191, 'Nesma Mahgoub - Albi W Horra Fih', 'https://www.youtube.com/watch?v=TlF5yQ6Gf48', b'0', 'Nesma Mahgoub - My Heart and its Freedom'),
(3518, 191, 'Ehab Tawfik - Sahrany', 'https://www.youtube.com/watch?v=8yzcPiZ2Z2M', b'0', 'Ehab Tawfik - Enchanted Me'),
(3519, 191, 'Dina El Wedidi - The Moon', 'https://www.youtube.com/watch?v=cuqe0bBZRyk', b'0', NULL),
(3520, 191, 'Ruby - Mesheet Wara Ehsasy', 'https://www.youtube.com/watch?v=HS6Xv9o2LiY', b'0', 'Ruby - I Left My Feelings Behind'),
(3521, 191, 'Shaza ft. Oka Wi Ortega - Strong Independent Woman', 'https://www.youtube.com/watch?v=yxdLnZyHBaY', b'0', NULL),
(3522, 191, 'Cairokee ft. Umm Kulthum - Kan Lak Ma''aya', 'https://www.youtube.com/watch?v=ixeWiRGspM0', b'0', 'Cairokee ft. Umm Kulthum - You Have Lived with Me'),
(3523, 191, 'Gehan Rateb - Ma Tigy Ahebak', 'https://www.youtube.com/watch?v=J7_CWVxcjhY', b'0', 'Gehan Rateb - What do you Love?'),
(3524, 191, 'Hamaki - Ya Sattar', 'https://www.youtube.com/watch?v=FBo8LCQqODQ', b'0', 'Hamaki - Hey, Star!'),
(3525, 191, 'Ramy Sabry - Ta''ali', 'https://www.youtube.com/watch?v=AGNG7eg-BdI', b'0', 'Ramy Sabry - God Almighty'),
(3526, 191, 'Mostafa Hagag - Khatwa', 'https://www.youtube.com/watch?v=Dn4kubLjiBg', b'0', 'Mostafa Hagag - Step'),
(3527, 190, 'Las Chicas Dulces - Llueve', 'https://www.youtube.com/watch?v=85WU4WacSBQ', b'0', 'The Sweet Girls - It Rains'),
(3528, 190, 'Mirella Cesa - Eclipse', 'https://www.youtube.com/watch?v=zUwz1YJIqas', b'0', NULL),
(3529, 190, 'Swing Original Monks - Hora Pico', 'https://www.youtube.com/watch?v=t7fb6Y-NQ_A', b'0', 'Swing Original Monks - Peak Hour'),
(3530, 190, 'Kiruba - Quisiera', 'https://www.youtube.com/watch?v=pl0gHKKcKNU', b'0', 'Kiruba - I''d Like'),
(3531, 190, 'Norka + Peter Romo - El Juego', 'https://www.youtube.com/watch?v=JZA1IVYgZ-M', b'0', 'Norka + Peter Romo - The Game'),
(3532, 190, 'Leo Rojas - Nature Spirits', 'https://www.youtube.com/watch?v=I0rFs8IbK2I', b'0', NULL),
(3533, 190, 'Gaby de K - Psycho', 'https://www.youtube.com/watch?v=bR3KtVMlitY', b'0', NULL),
(3534, 190, 'Delfín Quishpe - Todo Hombre es un Minero', 'https://www.youtube.com/watch?v=sxM4bCxQLsA', b'0', 'Delfín Quishpe - Every Man is a Miner'),
(3535, 190, 'Las Lolas - Vete', 'https://www.youtube.com/watch?v=6g_JelOezxc', b'0', 'Las Lolas - Go Away'),
(3536, 190, 'La Máquina Camaleón - El Amuleto', 'https://www.youtube.com/watch?v=1Aa_CBYKOGM', b'0', 'The Chameleon Machine - The Amulet'),
(3537, 190, 'RoCola Bacalao - Cita en el Averno', 'https://www.youtube.com/watch?v=MrFmc0d3SNQ', b'1', 'RoCola Bacalao - Appointment in the Underworld'),
(3538, 190, 'Tierra Canela - El Amor No Es Asi', 'https://www.youtube.com/watch?v=Jo-pKG3I3LA', b'0', 'Tierra Canela - Love Isn''t Like That'),
(3539, 190, 'Guerreros de Cartón - El Otro Lado de las Cosas', 'https://www.youtube.com/watch?v=9l0XKCdumF8', b'0', 'Cardboard Warriors - The Other Side of Things'),
(3540, 2, 'Valy - Pashtou Attani', 'https://www.youtube.com/watch?v=mROQT1dEM6w', b'1', NULL),
(3541, 2, 'Aria Band - Dokhtare Feshani', 'https://www.youtube.com/watch?v=W7_f3nGEtLU', b'0', NULL),
(3542, 2, 'Aryana Sayeed - Yaar-e Bamyani', 'https://www.youtube.com/watch?v=-czdyVBMDa4', b'0', NULL),
(3543, 2, 'Black Cats - Jooneh Khodet', 'https://www.youtube.com/watch?v=D0MLoMFZE9o', b'0', NULL),
(3544, 2, 'Habib Qaderi - Aftaw Baraanak', 'https://www.youtube.com/watch?v=5DCVLFT_Anc', b'0', NULL),
(3545, 2, 'Kabul Dreams - Chill Morghak', 'https://www.youtube.com/watch?v=TcWxvxnK5hU', b'0', NULL),
(3546, 152, 'Samina Chowdhury - Rup Dekhilam', 'https://www.youtube.com/watch?v=BOf-0g4Pkc8', b'0', 'Samina Chowdhury - I Saw the Form'),
(3547, 152, 'Oyshee - Nalish', 'https://www.youtube.com/watch?v=YwSabAEcrQ4', b'0', 'Oyshee - Complaint'),
(3548, 152, 'Miles - Premer Agun', 'https://www.youtube.com/watch?v=kQ3soi3UfZg', b'0', 'Miles - The Fire of Love'),
(3549, 152, 'Ferdous Wahid - Je Jon Premer Vaab', 'https://www.youtube.com/watch?v=YqWeEN73PDw', b'1', 'Ferdous Wahid - That Feeling of Love'),
(3550, 152, 'Love Runs Blind - Nirobe', 'https://www.youtube.com/watch?v=1UBLGXSniag', b'0', 'Love Runs Blind - Silently'),
(3551, 152, 'Anima Roy - Sey Valo Sey Valo', 'https://www.youtube.com/watch?v=hBSLG9iK4u0', b'0', 'Anima Roy - That''s Good, That''s Good'),
(3552, 152, 'Ayub Bachchu - Jete Path', 'https://www.youtube.com/watch?v=1Qbrw7Wo6OM', b'0', 'Ayub Bachchu - The Way to Go'),
(3553, 1, 'Spotify Playlist', 'https://open.spotify.com/user/busenurtan38/playlist/0zGMZE3OFZkAXu6UaitHpr?si=aazST0FPRg621sdmHXf93g', b'0', NULL),
(3554, 1, 'Gökhan Şen - Zahueklue Makamehar', 'https://www.youtube.com/watch?v=PV_j5EUHnng', b'1', NULL);


ALTER TABLE country
  ADD PRIMARY KEY (id),
  ADD UNIQUE KEY ckey (ckey) USING BTREE;

ALTER TABLE country_neighbor
  ADD KEY country (country),
  ADD KEY neighbor (neighbor),
  ADD KEY shell (shell);

ALTER TABLE diet
  ADD PRIMARY KEY (id),
  ADD KEY name (name);

ALTER TABLE dish
  ADD PRIMARY KEY (id),
  ADD KEY name (name);

ALTER TABLE flavor
  ADD PRIMARY KEY (id),
  ADD UNIQUE KEY id (id),
  ADD UNIQUE KEY name (name);

ALTER TABLE ingredient
  ADD PRIMARY KEY (id),
  ADD UNIQUE KEY name (name);

ALTER TABLE license
  ADD PRIMARY KEY (id),
  ADD UNIQUE KEY code (code);

ALTER TABLE recipe
  ADD PRIMARY KEY (id),
  ADD KEY country (country),
  ADD KEY dish (dish);

ALTER TABLE recipe_diet
  ADD KEY recipe (recipe),
  ADD KEY diet (diet);

ALTER TABLE recipe_ingredient
  ADD KEY recipe (recipe),
  ADD KEY ingredient (ingredient);

ALTER TABLE seasoning
  ADD PRIMARY KEY (id),
  ADD KEY license (license);

ALTER TABLE seasoning_dish
  ADD KEY seasoning (seasoning),
  ADD KEY dish (dish);

ALTER TABLE seasoning_flavor
  ADD KEY flavor (flavor),
  ADD KEY seasoning (seasoning);

ALTER TABLE seasoning_ingredient
  ADD KEY seasoning (seasoning),
  ADD KEY ingredient (ingredient);

ALTER TABLE seasoning_recipe
  ADD PRIMARY KEY (id),
  ADD UNIQUE KEY id (id),
  ADD KEY seasoning (seasoning);

ALTER TABLE seasoning_relationship
  ADD KEY seasoning1 (seasoning1),
  ADD KEY seasoning2 (seasoning2);

ALTER TABLE seasoning_synonym
  ADD UNIQUE KEY synonym (synonym),
  ADD KEY seasoning (seasoning);

ALTER TABLE shell_country
  ADD PRIMARY KEY (id);

ALTER TABLE song
  ADD PRIMARY KEY (id),
  ADD KEY country (country);


ALTER TABLE country
  MODIFY id bigint(20) NOT NULL AUTO_INCREMENT, AUTO_INCREMENT=207;

ALTER TABLE diet
  MODIFY id bigint(20) NOT NULL AUTO_INCREMENT, AUTO_INCREMENT=14;

ALTER TABLE dish
  MODIFY id bigint(20) NOT NULL AUTO_INCREMENT, AUTO_INCREMENT=28;

ALTER TABLE flavor
  MODIFY id bigint(20) NOT NULL AUTO_INCREMENT, AUTO_INCREMENT=12;

ALTER TABLE ingredient
  MODIFY id bigint(20) NOT NULL AUTO_INCREMENT, AUTO_INCREMENT=436;

ALTER TABLE license
  MODIFY id bigint(20) NOT NULL AUTO_INCREMENT, AUTO_INCREMENT=10;

ALTER TABLE recipe
  MODIFY id bigint(20) NOT NULL AUTO_INCREMENT, AUTO_INCREMENT=174;

ALTER TABLE seasoning
  MODIFY id bigint(20) NOT NULL AUTO_INCREMENT, AUTO_INCREMENT=83;

ALTER TABLE seasoning_recipe
  MODIFY id bigint(20) NOT NULL AUTO_INCREMENT, AUTO_INCREMENT=142;

ALTER TABLE shell_country
  MODIFY id bigint(20) NOT NULL AUTO_INCREMENT, AUTO_INCREMENT=206;

ALTER TABLE song
  MODIFY id bigint(20) NOT NULL AUTO_INCREMENT, AUTO_INCREMENT=3555;


ALTER TABLE country_neighbor
  ADD CONSTRAINT country_neighbor_ibfk_1 FOREIGN KEY (country) REFERENCES country (id),
  ADD CONSTRAINT country_neighbor_ibfk_2 FOREIGN KEY (neighbor) REFERENCES country (id),
  ADD CONSTRAINT country_neighbor_ibfk_3 FOREIGN KEY (shell) REFERENCES shell_country (id);

ALTER TABLE recipe
  ADD CONSTRAINT recipe_ibfk_1 FOREIGN KEY (country) REFERENCES country (id),
  ADD CONSTRAINT recipe_ibfk_2 FOREIGN KEY (dish) REFERENCES dish (id);

ALTER TABLE recipe_diet
  ADD CONSTRAINT recipe_diet_ibfk_1 FOREIGN KEY (recipe) REFERENCES recipe (id),
  ADD CONSTRAINT recipe_diet_ibfk_2 FOREIGN KEY (diet) REFERENCES diet (id);

ALTER TABLE recipe_ingredient
  ADD CONSTRAINT recipe_ingredient_ibfk_1 FOREIGN KEY (recipe) REFERENCES recipe (id),
  ADD CONSTRAINT recipe_ingredient_ibfk_2 FOREIGN KEY (ingredient) REFERENCES ingredient (id);

ALTER TABLE seasoning
  ADD CONSTRAINT seasoning_ibfk_1 FOREIGN KEY (license) REFERENCES license (id);

ALTER TABLE seasoning_dish
  ADD CONSTRAINT seasoning_dish_ibfk_1 FOREIGN KEY (seasoning) REFERENCES seasoning (id),
  ADD CONSTRAINT seasoning_dish_ibfk_2 FOREIGN KEY (dish) REFERENCES dish (id);

ALTER TABLE seasoning_flavor
  ADD CONSTRAINT seasoning_flavor_ibfk_1 FOREIGN KEY (flavor) REFERENCES flavor (id),
  ADD CONSTRAINT seasoning_flavor_ibfk_2 FOREIGN KEY (seasoning) REFERENCES seasoning (id);

ALTER TABLE seasoning_ingredient
  ADD CONSTRAINT seasoning_ingredient_ibfk_1 FOREIGN KEY (seasoning) REFERENCES seasoning (id),
  ADD CONSTRAINT seasoning_ingredient_ibfk_2 FOREIGN KEY (ingredient) REFERENCES ingredient (id);

ALTER TABLE seasoning_recipe
  ADD CONSTRAINT seasoning_recipe_ibfk_1 FOREIGN KEY (seasoning) REFERENCES seasoning (id);

ALTER TABLE seasoning_relationship
  ADD CONSTRAINT seasoning_relationship_ibfk_1 FOREIGN KEY (seasoning1) REFERENCES seasoning (id),
  ADD CONSTRAINT seasoning_relationship_ibfk_2 FOREIGN KEY (seasoning2) REFERENCES seasoning (id);

ALTER TABLE seasoning_synonym
  ADD CONSTRAINT seasoning_synonym_ibfk_1 FOREIGN KEY (seasoning) REFERENCES seasoning (id);

ALTER TABLE song
  ADD CONSTRAINT song_ibfk_1 FOREIGN KEY (country) REFERENCES country (id);
